team,year,name,pts
PHW,1947,Joe Fulks,131
PHW,1947,George Senesky,57
PHW,1947,Angelo Musi,47
PHW,1947,Ralph Kaplowitz,44
PHW,1947,Howie Dallmar,43
PHW,1947,Jerry Fleishman,39
PHW,1947,Art Hillhouse,38
PHW,1947,Matt Guokas,1
PHW,1947,Petey Rosenberg,0
PHW,1947,Jerry Rullo,0
CHS,1947,Chick Halbert,72
CHS,1947,Don Carlson,62
CHS,1947,Jim Seminoff,52
CHS,1947,Max Zaslofsky,50
CHS,1947,Chet Carlisle,39
CHS,1947,Chuck Gilmur,34
CHS,1947,Tony Jaros,33
CHS,1947,Wilbert Kautz,13
CHS,1947,Mickey Rottner,8
CHS,1947,Bill Davis,6
CHS,1947,Doyle Parrack,2
BLB,1948,Connie Simmons,91
BLB,1948,Paul Hoffman,82
BLB,1948,Kleggie Hermsen,62
BLB,1948,Buddy Jeannette,53
BLB,1948,Chick Reiser,50
BLB,1948,Dick Schulz,41
BLB,1948,Grady Lewis,34
BLB,1948,Carl Meinhold,24
BLB,1948,Herm Fuetsch,6
BLB,1948,Herm Klotz,3
PHW,1948,Joe Fulks,141
PHW,1948,Chick Halbert,77
PHW,1948,George Senesky,58
PHW,1948,Howie Dallmar,53
PHW,1948,Ralph Kaplowitz,46
PHW,1948,Angelo Musi,31
PHW,1948,Bob O'Brien,12
PHW,1948,Chink Crossin,11
PHW,1948,Jerry Fleishman,11
PHW,1948,Hank Beenders,3
MNL,1949,George Mikan,165
MNL,1949,Herm Schaefer,77
MNL,1949,Jim Pollard,76
MNL,1949,Arnie Ferrin,45
MNL,1949,Don Carlson,37
MNL,1949,Tony Jaros,31
MNL,1949,Jack Dwan,17
MNL,1949,Donnie Forman,11
MNL,1949,Earl Gardner,4
MNL,1949,Johnny Jorgensen,4
MNL,1949,Whitey Kachan,4
WSC,1949,Jack Nichols,85
WSC,1949,Kleggie Hermsen,70
WSC,1949,Fred Scolari,64
WSC,1949,Sonny Hertzberg,57
WSC,1949,Bones McKinney,46
WSC,1949,Dick O'Keefe,30
WSC,1949,Johnny Norlander,27
WSC,1949,Dick Schulz,25
WSC,1949,Matt Zunic,17
WSC,1949,Leo Katkaveck,12
MNL,1950,George Mikan,193
MNL,1950,Jim Pollard,82
MNL,1950,Vern Mikkelsen,75
MNL,1950,Bud Grant,33
MNL,1950,Arnie Ferrin,29
MNL,1950,Slater Martin,26
MNL,1950,Don Carlson,23
MNL,1950,Bob Harrison,23
MNL,1950,Herm Schaefer,20
MNL,1950,Billy Hassett,3
MNL,1950,Tony Jaros,0
SYR,1950,Dolph Schayes,104
SYR,1950,Johnny Macknowski,82
SYR,1950,Alex Hannum,60
SYR,1950,George Ratkovicz,60
SYR,1950,Paul Seymour,45
SYR,1950,Bill Gabor,39
SYR,1950,Al Cervi,35
SYR,1950,Ed Peterson,29
SYR,1950,Andrew Levane,18
SYR,1950,Leroy Chollet,8
SYR,1950,Ray Corley,1
ROC,1951,Arnie Risen,152
ROC,1951,Bob Davies,119
ROC,1951,Arnie Johnson,87
ROC,1951,Bobby Wanzer,87
ROC,1951,Jack Coleman,62
ROC,1951,Red Holzman,33
ROC,1951,Bill Calhoun,17
ROC,1951,Joe McNamee,14
ROC,1951,Paul Noel,8
ROC,1951,Pep Saul,4
NYK,1951,Max Zaslofsky,133
NYK,1951,Vince Boryla,94
NYK,1951,Connie Simmons,85
NYK,1951,Harry Gallatin,76
NYK,1951,Nat Clifton,55
NYK,1951,Ernie Vandeweghe,47
NYK,1951,Dick McGuire,29
NYK,1951,Ray Lumpp,23
NYK,1951,Tony Lavelli,4
NYK,1951,George Kaftan,0
MNL,1952,George Mikan,152
MNL,1952,Vern Mikkelsen,92
MNL,1952,Pep Saul,91
MNL,1952,Jim Pollard,82
MNL,1952,Slater Martin,64
MNL,1952,Bob Harrison,49
MNL,1952,Lew Hitch,18
MNL,1952,Joe Hutton,16
MNL,1952,Howie Schultz,14
NYK,1952,Connie Simmons,103
NYK,1952,Max Zaslofsky,91
NYK,1952,Nat Clifton,73
NYK,1952,Ernie Vandeweghe,71
NYK,1952,Harry Gallatin,69
NYK,1952,Dick McGuire,65
NYK,1952,Alfred McGuire,33
NYK,1952,Ray Lumpp,32
NYK,1952,George Kaftan,19
MNL,1953,George Mikan,104
MNL,1953,Jim Pollard,72
MNL,1953,Vern Mikkelsen,61
MNL,1953,Slater Martin,51
MNL,1953,Pep Saul,43
MNL,1953,Whitey Skoog,27
MNL,1953,Jim Holstein,21
MNL,1953,Lew Hitch,17
MNL,1953,Bob Harrison,16
MNL,1953,Dick Schnittker,1
NYK,1953,Carl Braun,74
NYK,1953,Connie Simmons,74
NYK,1953,Ernie Vandeweghe,70
NYK,1953,Nat Clifton,51
NYK,1953,Harry Gallatin,45
NYK,1953,Vince Boryla,43
NYK,1953,Dick McGuire,28
NYK,1953,Jerry Fleishman,10
NYK,1953,Alfred McGuire,0
NYK,1953,Sherwin Raiken,0
NYK,1953,Dick Surhoff,0
MNL,1954,George Mikan,127
MNL,1954,Jim Pollard,76
MNL,1954,Clyde Lovellette,73
MNL,1954,Vern Mikkelsen,73
MNL,1954,Slater Martin,61
MNL,1954,Whitey Skoog,51
MNL,1954,Jim Holstein,25
MNL,1954,Pep Saul,21
MNL,1954,Dick Schnittker,16
SYR,1954,Paul Seymour,111
SYR,1954,Wally Osterkorn,81
SYR,1954,Bob Lavoy,75
SYR,1954,Dolph Schayes,65
SYR,1954,Billy Kenville,61
SYR,1954,Earl Lloyd,40
SYR,1954,George King,27
SYR,1954,Jim Neal,16
SYR,1954,Bill Gabor,13
SYR,1954,Al Masino,6
SYR,1955,Dolph Schayes,133
SYR,1955,Red Kerr,86
SYR,1955,Red Rocha,83
SYR,1955,Paul Seymour,75
SYR,1955,George King,67
SYR,1955,Earl Lloyd,65
SYR,1955,Billy Kenville,59
SYR,1955,Dick Farley,30
SYR,1955,Wally Osterkorn,26
SYR,1955,Jim Tucker,12
FTW,1955,Larry Foust,111
FTW,1955,Frankie Brian,110
FTW,1955,George Yardley,110
FTW,1955,Mel Hutchins,96
FTW,1955,Andy Phillip,59
FTW,1955,Bob Houbregs,56
FTW,1955,Monk Meineke,40
FTW,1955,Dick Rosenthal,28
FTW,1955,Max Zaslofsky,20
FTW,1955,Paul Walther,10
PHW,1956,Paul Arizin,138
PHW,1956,Tom Gola,69
PHW,1956,Jack George,68
PHW,1956,Neil Johnston,68
PHW,1956,Ernie Beck,60
PHW,1956,Joe Graboski,55
PHW,1956,George Dempsey,15
PHW,1956,Walt Davis,12
PHW,1956,Jackie Moore,2
FTW,1956,George Yardley,124
FTW,1956,Larry Foust,97
FTW,1956,Corky Devlin,59
FTW,1956,Bob Houbregs,50
FTW,1956,Mel Hutchins,43
FTW,1956,Frankie Brian,42
FTW,1956,Chuck Noble,25
FTW,1956,Odie Spears,13
FTW,1956,Andy Phillip,12
FTW,1956,Chuck Cooper,2
BOS,1957,Tom Heinsohn,168
BOS,1957,Bill Sharman,153
BOS,1957,Bob Cousy,145
BOS,1957,Bill Russell,93
BOS,1957,Frank Ramsey,81
BOS,1957,Arnie Risen,61
BOS,1957,Jim Loscutoff,54
BOS,1957,Jack Nichols,27
BOS,1957,Andy Phillip,22
BOS,1957,Dick Hemric,2
STL,1957,Bob Pettit,211
STL,1957,Cliff Hagan,113
STL,1957,Ed Macauley,104
STL,1957,Slater Martin,103
STL,1957,Jack McMahon,76
STL,1957,Jack Coleman,73
STL,1957,Chuck Share,48
STL,1957,Med Park,33
STL,1957,Irv Bemoras,9
STL,1957,Alex Hannum,0
STL,1958,Bob Pettit,176
STL,1958,Cliff Hagan,151
STL,1958,Slater Martin,73
STL,1958,Jack McMahon,50
STL,1958,Jack Coleman,48
STL,1958,Chuck Share,37
STL,1958,Ed Macauley,35
STL,1958,Win Wilfong,24
STL,1958,Walt Davis,22
STL,1958,Med Park,21
BOS,1958,Bill Sharman,128
BOS,1958,Frank Ramsey,118
BOS,1958,Bob Cousy,112
BOS,1958,Tom Heinsohn,98
BOS,1958,Bill Russell,58
BOS,1958,Lou Tsioropoulos,46
BOS,1958,Arnie Risen,35
BOS,1958,Jack Nichols,32
BOS,1958,Sam Jones,29
BOS,1958,Andy Phillip,8
BOS,1959,Tom Heinsohn,97
BOS,1959,Frank Ramsey,90
BOS,1959,Bill Sharman,90
BOS,1959,Bob Cousy,67
BOS,1959,Sam Jones,39
BOS,1959,Jim Loscutoff,38
BOS,1959,Bill Russell,37
BOS,1959,Gene Conley,29
BOS,1959,K.C. Jones,0
BOS,1959,Bennie Swain,0
MNL,1959,Elgin Baylor,91
MNL,1959,Vern Mikkelsen,84
MNL,1959,Dick Garmaker,77
MNL,1959,Slick Leonard,57
MNL,1959,Larry Foust,50
MNL,1959,Jim Krebs,43
MNL,1959,Ed Fleming,16
MNL,1959,Boo Ellis,14
MNL,1959,Steve Hamilton,14
MNL,1959,Hot Rod Hundley,0
BOS,1960,Tom Heinsohn,157
BOS,1960,Bill Sharman,135
BOS,1960,Frank Ramsey,129
BOS,1960,Bill Russell,117
BOS,1960,Bob Cousy,101
BOS,1960,Sam Jones,69
BOS,1960,K.C. Jones,45
BOS,1960,Gene Conley,23
BOS,1960,John Richter,15
BOS,1960,Gene Guarilia,1
STL,1960,Bob Pettit,180
STL,1960,Cliff Hagan,165
STL,1960,Clyde Lovellette,115
STL,1960,Si Green,91
STL,1960,Johnny McCarthy,52
STL,1960,Dave Piontek,49
STL,1960,Al Ferrari,39
STL,1960,Larry Foust,25
STL,1960,Bob Ferry,21
BOS,1961,Tom Heinsohn,110
BOS,1961,Bob Cousy,99
BOS,1961,Bill Russell,88
BOS,1961,Frank Ramsey,76
BOS,1961,Bill Sharman,68
BOS,1961,Sam Jones,62
BOS,1961,Tom Sanders,48
BOS,1961,Gene Conley,21
BOS,1961,Jim Loscutoff,19
BOS,1961,K.C. Jones,14
STL,1961,Cliff Hagan,147
STL,1961,Bob Pettit,142
STL,1961,Lenny Wilkens,62
STL,1961,Woody Sauldsberry,50
STL,1961,Clyde Lovellette,42
STL,1961,Si Green,40
STL,1961,Al Ferrari,23
STL,1961,Johnny McCarthy,23
STL,1961,Fred LaCour,10
STL,1961,Larry Foust,2
STL,1961,Dave Piontek,2
BOS,1962,Bill Russell,160
BOS,1962,Sam Jones,155
BOS,1962,Tom Heinsohn,135
BOS,1962,Bob Cousy,116
BOS,1962,Tom Sanders,89
BOS,1962,K.C. Jones,62
BOS,1962,Frank Ramsey,59
BOS,1962,Jim Loscutoff,42
BOS,1962,Gary Phillips,5
BOS,1962,Carl Braun,1
BOS,1962,Gene Guarilia,0
LAL,1962,Elgin Baylor,284
LAL,1962,Jerry West,218
LAL,1962,Rudy LaRusso,87
LAL,1962,Frank Selvy,85
LAL,1962,Jim Krebs,61
LAL,1962,Ray Felix,28
LAL,1962,Tom Hawkins,17
LAL,1962,Hot Rod Hundley,7
LAL,1962,Bob McNeill,4
LAL,1962,Howie Jolliff,2
LAL,1962,Wayne Yates,2
BOS,1963,Sam Jones,148
BOS,1963,Tom Heinsohn,140
BOS,1963,Bill Russell,120
BOS,1963,Tom Sanders,81
BOS,1963,Bob Cousy,73
BOS,1963,Frank Ramsey,40
BOS,1963,John Havlicek,34
BOS,1963,K.C. Jones,24
BOS,1963,Clyde Lovellette,6
BOS,1963,Jim Loscutoff,2
LAL,1963,Elgin Baylor,203
LAL,1963,Jerry West,177
LAL,1963,Dick Barnett,107
LAL,1963,Rudy LaRusso,88
LAL,1963,Frank Selvy,45
LAL,1963,Gene Wiley,21
LAL,1963,Jim Krebs,20
LAL,1963,Leroy Ellis,18
LAL,1963,Ron Horn,0
LAL,1963,Hot Rod Hundley,0
BOS,1964,Sam Jones,106
BOS,1964,John Havlicek,92
BOS,1964,Tom Heinsohn,75
BOS,1964,Bill Russell,56
BOS,1964,Tom Sanders,51
BOS,1964,Willie Naulls,50
BOS,1964,Frank Ramsey,41
BOS,1964,K.C. Jones,32
BOS,1964,Clyde Lovellette,16
BOS,1964,Larry Siegfried,5
BOS,1964,Johnny McCarthy,2
SFW,1964,Wilt Chamberlain,146
SFW,1964,Tom Meschery,82
SFW,1964,Nate Thurmond,56
SFW,1964,Guy Rodgers,54
SFW,1964,Al Attles,53
SFW,1964,Gary Phillips,40
SFW,1964,Wayne Hightower,39
SFW,1964,Gary Hill,16
SFW,1964,George Lee,14
SFW,1964,Kenny Sears,6
BOS,1965,Sam Jones,139
BOS,1965,John Havlicek,91
BOS,1965,Bill Russell,89
BOS,1965,Tom Sanders,69
BOS,1965,Tom Heinsohn,57
BOS,1965,K.C. Jones,57
BOS,1965,Willie Naulls,48
BOS,1965,Larry Siegfried,39
BOS,1965,John Thompson,11
BOS,1965,Ron Bonham,10
BOS,1965,Mel Counts,7
LAL,1965,Jerry West,169
LAL,1965,Leroy Ellis,89
LAL,1965,Rudy LaRusso,73
LAL,1965,Dick Barnett,70
LAL,1965,Walt Hazzard,44
LAL,1965,Gene Wiley,38
LAL,1965,Don Nelson,36
LAL,1965,Jim King,21
LAL,1965,Darrall Imhoff,7
LAL,1965,Bill McGill,7
BOS,1966,Bill Russell,165
BOS,1966,John Havlicek,163
BOS,1966,Sam Jones,160
BOS,1966,Tom Sanders,101
BOS,1966,Larry Siegfried,92
BOS,1966,K.C. Jones,53
BOS,1966,Don Nelson,53
BOS,1966,Mel Counts,29
BOS,1966,Ron Bonham,5
BOS,1966,Willie Naulls,4
BOS,1966,John Thompson,2
LAL,1966,Jerry West,237
LAL,1966,Elgin Baylor,175
LAL,1966,Gail Goodrich,95
LAL,1966,Leroy Ellis,87
LAL,1966,Rudy LaRusso,77
LAL,1966,Walt Hazzard,56
LAL,1966,Jim King,51
LAL,1966,Darrall Imhoff,14
LAL,1966,Bob Boozer,6
LAL,1966,Tom Hoover,4
LAL,1966,Gene Wiley,0
PHI,1967,Hal Greer,156
PHI,1967,Chet Walker,140
PHI,1967,Wali Jones,121
PHI,1967,Billy Cunningham,118
PHI,1967,Wilt Chamberlain,106
PHI,1967,Luke Jackson,55
PHI,1967,Matt Guokas,31
PHI,1967,Dave Gambee,16
PHI,1967,Bob Weiss,4
SFW,1967,Rick Barry,245
SFW,1967,Jim King,110
SFW,1967,Nate Thurmond,85
SFW,1967,Jeff Mullins,84
SFW,1967,Tom Meschery,65
SFW,1967,Fred Hetzel,37
SFW,1967,Clyde Lee,32
SFW,1967,Al Attles,23
SFW,1967,Paul Neumann,20
SFW,1967,Bud Olsen,4
SFW,1967,Joe Ellis,2
SFW,1967,Bob Warlick,0
BOS,1968,John Havlicek,164
BOS,1968,Bailey Howell,126
BOS,1968,Sam Jones,105
BOS,1968,Bill Russell,104
BOS,1968,Larry Siegfried,93
BOS,1968,Don Nelson,84
BOS,1968,Wayne Embry,14
BOS,1968,Johnny Jones,2
BOS,1968,Tom Thacker,2
BOS,1968,Rick Weitzman,2
BOS,1968,Mal Graham,0
BOS,1968,Tom Sanders,0
LAL,1968,Jerry West,188
LAL,1968,Elgin Baylor,157
LAL,1968,Archie Clark,97
LAL,1968,Tom Hawkins,64
LAL,1968,Mel Counts,61
LAL,1968,Darrall Imhoff,51
LAL,1968,Freddie Crawford,28
LAL,1968,Gail Goodrich,26
LAL,1968,Erwin Mueller,15
BOS,1969,John Havlicek,198
BOS,1969,Sam Jones,131
BOS,1969,Larry Siegfried,98
BOS,1969,Don Nelson,83
BOS,1969,Em Bryant,77
BOS,1969,Bailey Howell,74
BOS,1969,Bill Russell,64
BOS,1969,Tom Sanders,14
BOS,1969,Don Chaney,2
LAL,1969,Jerry West,265
LAL,1969,Elgin Baylor,126
LAL,1969,Johnny Egan,106
LAL,1969,Wilt Chamberlain,82
LAL,1969,Mel Counts,69
LAL,1969,Keith Erickson,62
LAL,1969,Tom Hawkins,18
LAL,1969,Bill Hewitt,16
LAL,1969,Freddie Crawford,0
NYK,1970,Willis Reed,138
NYK,1970,Dave DeBusschere,133
NYK,1970,Dick Barnett,130
NYK,1970,Walt Frazier,123
NYK,1970,Bill Bradley,85
NYK,1970,Cazzie Russell,65
NYK,1970,Dave Stallworth,49
NYK,1970,Mike Riordan,30
NYK,1970,Nate Bowman,29
NYK,1970,Bill Hosket,2
NYK,1970,John Warren,2
LAL,1970,Jerry West,219
LAL,1970,Wilt Chamberlain,163
LAL,1970,Elgin Baylor,125
LAL,1970,Dick Garrett,91
LAL,1970,Keith Erickson,81
LAL,1970,Happy Hairston,39
LAL,1970,Johnny Egan,25
LAL,1970,John Tresvant,18
LAL,1970,Mel Counts,12
LAL,1970,Rick Roberson,7
LAL,1970,Mike Lynn,0
LAL,1970,Willie McCarter,0
MIL,1971,Kareem Abdul-Jabbar,108
MIL,1971,Oscar Robertson,94
MIL,1971,Bob Dandridge,81
MIL,1971,Jon McGlocklin,43
MIL,1971,Greg Smith,40
MIL,1971,Lucius Allen,30
MIL,1971,Bob Boozer,22
MIL,1971,McCoy McLemore,5
MIL,1971,Jeff Webb,2
MIL,1971,Dick Cunningham,0
MIL,1971,Bob Greacen,0
MIL,1971,Marv Winkler,0
BAL,1971,Jack Marin,73
BAL,1971,Earl Monroe,65
BAL,1971,Fred Carter,61
BAL,1971,Wes Unseld,60
BAL,1971,Kevin Loughery,45
BAL,1971,John Tresvant,29
BAL,1971,Gus Johnson,21
BAL,1971,Gary Zeller,12
BAL,1971,Dorie Murrey,6
BAL,1971,George Johnson,4
LAL,1972,Gail Goodrich,128
LAL,1972,Jerry West,99
LAL,1972,Wilt Chamberlain,97
LAL,1972,Jim McMillian,84
LAL,1972,Happy Hairston,71
LAL,1972,Pat Riley,25
LAL,1972,Leroy Ellis,15
LAL,1972,Flynn Robinson,7
LAL,1972,John Trapp,5
LAL,1972,Jim Cleamons,4
NYK,1972,Walt Frazier,115
NYK,1972,Jerry Lucas,104
NYK,1972,Bill Bradley,98
NYK,1972,Phil Jackson,57
NYK,1972,Dave DeBusschere,52
NYK,1972,Earl Monroe,34
NYK,1972,Dick Barnett,26
NYK,1972,Dean Meminger,19
NYK,1972,Eddie Mast,4
NYK,1972,Eddie Miles,2
NYK,1972,Luther Rackley,2
NYK,1972,Charlie Paulk,0
NYK,1973,Bill Bradley,93
NYK,1973,Walt Frazier,83
NYK,1973,Willis Reed,82
NYK,1973,Earl Monroe,80
NYK,1973,Dave DeBusschere,78
NYK,1973,Phil Jackson,42
NYK,1973,Jerry Lucas,38
NYK,1973,Dean Meminger,5
NYK,1973,Dick Barnett,2
NYK,1973,John Gianelli,0
LAL,1973,Gail Goodrich,109
LAL,1973,Jim McMillian,108
LAL,1973,Jerry West,107
LAL,1973,Wilt Chamberlain,58
LAL,1973,Bill Bridges,45
LAL,1973,Keith Erickson,32
LAL,1973,Mel Counts,19
LAL,1973,Happy Hairston,6
LAL,1973,Pat Riley,0
BOS,1974,John Havlicek,185
BOS,1974,Dave Cowens,159
BOS,1974,Jo Jo White,116
BOS,1974,Don Chaney,78
BOS,1974,Paul Silas,47
BOS,1974,Don Nelson,37
BOS,1974,Paul Westphal,34
BOS,1974,Hank Finkel,17
BOS,1974,Phil Hankinson,2
BOS,1974,Art Williams,2
BOS,1974,Steve Kuberski,0
MIL,1974,Kareem Abdul-Jabbar,228
MIL,1974,Bob Dandridge,117
MIL,1974,Oscar Robertson,85
MIL,1974,Mickey Davis,79
MIL,1974,Curtis Perry,41
MIL,1974,Jon McGlocklin,32
MIL,1974,Cornell Warner,32
MIL,1974,Ron Williams,18
MIL,1974,Russ Lee,6
MIL,1974,Terry Driscoll,4
MIL,1974,Dick Garrett,2
GSW,1975,Rick Barry,118
GSW,1975,Jamaal Wilkes,46
GSW,1975,Phil Smith,43
GSW,1975,Derrek Dickey,35
GSW,1975,Jeff Mullins,32
GSW,1975,Charles Johnson,30
GSW,1975,Butch Beard,29
GSW,1975,Clifford Ray,28
GSW,1975,George Johnson,26
GSW,1975,Charles Dudley,7
GSW,1975,Bill Bridges,4
GSW,1975,Steve Bracey,0
WSB,1975,Phil Chenier,92
WSB,1975,Elvin Hayes,83
WSB,1975,Kevin Porter,62
WSB,1975,Wes Unseld,49
WSB,1975,Mike Riordan,35
WSB,1975,Clem Haskins,19
WSB,1975,Truck Robinson,16
WSB,1975,Nick Weatherspoon,16
WSB,1975,Dick Gibbs,4
WSB,1975,Tom Kozelko,4
WSB,1975,Dennis DuVal,2
BOS,1976,Jo Jo White,130
BOS,1976,Dave Cowens,123
BOS,1976,John Havlicek,93
BOS,1976,Charlie Scott,87
BOS,1976,Paul Silas,77
BOS,1976,Steve Kuberski,33
BOS,1976,Don Nelson,26
BOS,1976,Jim Ard,24
BOS,1976,Glenn McDonald,17
BOS,1976,Kevin Stacom,9
BOS,1976,Jerome Anderson,2
BOS,1976,Tom Boswell,2
PHO,1976,Alvan Adams,138
PHO,1976,Paul Westphal,125
PHO,1976,Ricky Sobers,85
PHO,1976,Gar Heard,81
PHO,1976,Curtis Perry,79
PHO,1976,Dick Van Arsdale,40
PHO,1976,Keith Erickson,22
PHO,1976,Dennis Awtrey,14
PHO,1976,Nate Hawthorne,11
PHO,1976,Phil Lumpkin,2
PHO,1976,Pat Riley,0
POR,1977,Maurice Lucas,118
POR,1977,Bill Walton,111
POR,1977,Bob Gross,104
POR,1977,Lionel Hollins,96
POR,1977,Johnny Davis,64
POR,1977,Lloyd Neal,40
POR,1977,Dave Twardzik,40
POR,1977,Herm Gilliam,27
POR,1977,Corky Calhoun,22
POR,1977,Larry Steele,19
POR,1977,Wally Walker,19
POR,1977,Robin Jones,8
PHI,1977,Julius Erving,182
PHI,1977,Doug Collins,118
PHI,1977,George McGinnis,78
PHI,1977,Henry Bibby,61
PHI,1977,Darryl Dawkins,42
PHI,1977,Steve Mix,39
PHI,1977,World B. Free,36
PHI,1977,Caldwell Jones,35
PHI,1977,Joe Bryant,19
PHI,1977,Terry Furlow,14
PHI,1977,Mike Dunleavy,6
PHI,1977,Harvey Catchings,0
WSB,1978,Elvin Hayes,145
WSB,1978,Bob Dandridge,143
WSB,1978,Kevin Grevey,91
WSB,1978,Tom Henderson,90
WSB,1978,Charles Johnson,75
WSB,1978,Mitch Kupchak,75
WSB,1978,Wes Unseld,63
WSB,1978,Larry Wright,25
WSB,1978,Greg Ballard,22
WSB,1978,Joe Pace,7
WSB,1978,Phil Walker,0
SEA,1978,Fred Brown,134
SEA,1978,Dennis Johnson,116
SEA,1978,Gus Williams,114
SEA,1978,Marvin Webster,104
SEA,1978,Jack Sikma,96
SEA,1978,John Johnson,54
SEA,1978,Paul Silas,40
SEA,1978,Wally Walker,20
SEA,1978,Bruce Seals,8
SEA,1978,Joe Hassett,4
SEA,1978,Al Fleming,2
SEA,1979,Gus Williams,145
SEA,1979,Dennis Johnson,113
SEA,1979,Jack Sikma,79
SEA,1979,John Johnson,58
SEA,1979,Fred Brown,46
SEA,1979,Lonnie Shelton,45
SEA,1979,Paul Silas,16
SEA,1979,Dennis Awtrey,2
SEA,1979,Wally Walker,1
SEA,1979,Joe Hassett,0
WSB,1979,Bob Dandridge,109
WSB,1979,Elvin Hayes,100
WSB,1979,Larry Wright,56
WSB,1979,Wes Unseld,55
WSB,1979,Kevin Grevey,51
WSB,1979,Greg Ballard,38
WSB,1979,Charles Johnson,36
WSB,1979,Tom Henderson,29
WSB,1979,Phil Chenier,5
WSB,1979,Dave Corzine,2
LAL,1980,Kareem Abdul-Jabbar,167
LAL,1980,Magic Johnson,129
LAL,1980,Jamaal Wilkes,128
LAL,1980,Norm Nixon,93
LAL,1980,Michael Cooper,53
LAL,1980,Jim Chones,50
LAL,1980,Mark Landsberger,25
LAL,1980,Brad Holland,10
LAL,1980,Spencer Haywood,2
LAL,1980,Marty Byrnes,0
PHI,1980,Julius Erving,153
PHI,1980,Darryl Dawkins,121
PHI,1980,Maurice Cheeks,88
PHI,1980,Lionel Hollins,77
PHI,1980,Bobby Jones,66
PHI,1980,Caldwell Jones,54
PHI,1980,Steve Mix,36
PHI,1980,Henry Bibby,30
PHI,1980,Clint Richardson,0
PHI,1980,Jim Spanarkel,0
PHI,1980,Bernard Toone,0
BOS,1981,Cedric Maxwell,106
BOS,1981,Larry Bird,92
BOS,1981,Robert Parish,90
BOS,1981,Chris Ford,63
BOS,1981,Tiny Archibald,62
BOS,1981,Rick Robey,47
BOS,1981,Gerald Henderson,43
BOS,1981,M.L. Carr,40
BOS,1981,Kevin McHale,28
BOS,1981,Terry Duerod,6
BOS,1981,Eric Fernsten,2
HOU,1981,Moses Malone,134
HOU,1981,Robert Reid,88
HOU,1981,Billy Paultz,67
HOU,1981,Mike Dunleavy,59
HOU,1981,Bill Willoughby,45
HOU,1981,Tom Henderson,40
HOU,1981,Calvin Murphy,39
HOU,1981,Allen Leavell,25
HOU,1981,Calvin Garrett,12
HOU,1981,Major Jones,9
HOU,1981,Rudy Tomjanovich,2
LAL,1982,Jamaal Wilkes,118
LAL,1982,Kareem Abdul-Jabbar,108
LAL,1982,Norm Nixon,106
LAL,1982,Bob McAdoo,98
LAL,1982,Magic Johnson,97
LAL,1982,Michael Cooper,80
LAL,1982,Kurt Rambis,47
LAL,1982,Mike McGee,10
LAL,1982,Jim Brewer,4
LAL,1982,Mark Landsberger,4
LAL,1982,Clay Johnson,2
LAL,1982,Eddie Jordan,0
PHI,1982,Andrew Toney,156
PHI,1982,Julius Erving,150
PHI,1982,Maurice Cheeks,88
PHI,1982,Darryl Dawkins,73
PHI,1982,Bobby Jones,69
PHI,1982,Clint Richardson,37
PHI,1982,Caldwell Jones,36
PHI,1982,Mike Bantom,32
PHI,1982,Lionel Hollins,10
PHI,1982,Steve Mix,10
PHI,1982,Earl Cureton,8
PHI,1982,Franklin Edwards,6
PHI,1983,Moses Malone,103
PHI,1983,Andrew Toney,88
PHI,1983,Julius Erving,76
PHI,1983,Maurice Cheeks,61
PHI,1983,Bobby Jones,48
PHI,1983,Clint Richardson,25
PHI,1983,Marc Iavaroni,23
PHI,1983,Clemon Johnson,10
PHI,1983,Mark McNamara,4
PHI,1983,Earl Cureton,2
PHI,1983,Franklin Edwards,2
PHI,1983,Reggie Johnson,0
LAL,1983,Kareem Abdul-Jabbar,94
LAL,1983,Magic Johnson,76
LAL,1983,Jamaal Wilkes,74
LAL,1983,Norm Nixon,41
LAL,1983,Michael Cooper,40
LAL,1983,Kurt Rambis,31
LAL,1983,Bob McAdoo,22
LAL,1983,Mark Landsberger,10
LAL,1983,Clay Johnson,6
LAL,1983,Mike McGee,6
LAL,1983,Dwight Jones,2
LAL,1983,Steve Mix,0
BOS,1984,Larry Bird,192
BOS,1984,Dennis Johnson,123
BOS,1984,Robert Parish,108
BOS,1984,Kevin McHale,94
BOS,1984,Cedric Maxwell,91
BOS,1984,Gerald Henderson,86
BOS,1984,Danny Ainge,42
BOS,1984,Scott Wedman,37
BOS,1984,Quinn Buckner,14
BOS,1984,M.L. Carr,13
BOS,1984,Carlos Clark,4
BOS,1984,Greg Kite,2
LAL,1984,Kareem Abdul-Jabbar,186
LAL,1984,James Worthy,155
LAL,1984,Magic Johnson,126
LAL,1984,Michael Cooper,94
LAL,1984,Bob McAdoo,75
LAL,1984,Kurt Rambis,50
LAL,1984,Byron Scott,42
LAL,1984,Jamaal Wilkes,32
LAL,1984,Swen Nater,28
LAL,1984,Mike McGee,23
LAL,1984,Mitch Kupchak,7
LAL,1984,Larry Spriggs,4
LAL,1985,Kareem Abdul-Jabbar,154
LAL,1985,James Worthy,142
LAL,1985,Magic Johnson,110
LAL,1985,Byron Scott,67
LAL,1985,Michael Cooper,61
LAL,1985,Bob McAdoo,49
LAL,1985,Kurt Rambis,45
LAL,1985,Mitch Kupchak,31
LAL,1985,Mike McGee,19
LAL,1985,Larry Spriggs,14
LAL,1985,Ronnie Lester,2
LAL,1985,Chuck Nevitt,1
BOS,1985,Kevin McHale,156
BOS,1985,Larry Bird,143
BOS,1985,Robert Parish,103
BOS,1985,Dennis Johnson,96
BOS,1985,Danny Ainge,66
BOS,1985,Scott Wedman,56
BOS,1985,Ray Williams,14
BOS,1985,Cedric Maxwell,13
BOS,1985,Quinn Buckner,12
BOS,1985,Greg Kite,9
BOS,1985,M.L. Carr,7
BOS,1985,Carlos Clark,4
BOS,1986,Kevin McHale,155
BOS,1986,Larry Bird,144
BOS,1986,Dennis Johnson,102
BOS,1986,Danny Ainge,87
BOS,1986,Robert Parish,76
BOS,1986,Bill Walton,48
BOS,1986,Jerry Sichting,18
BOS,1986,Rick Carlisle,6
BOS,1986,Greg Kite,6
BOS,1986,Sam Vincent,4
BOS,1986,David Thirdkill,3
BOS,1986,Scott Wedman,0
HOU,1986,Hakeem Olajuwon,148
HOU,1986,Rodney McCray,92
HOU,1986,Ralph Sampson,89
HOU,1986,Robert Reid,86
HOU,1986,Mitchell Wiggins,50
HOU,1986,Lewis Lloyd,46
HOU,1986,Allen Leavell,34
HOU,1986,Jim Petersen,31
HOU,1986,Craig Ehlo,12
HOU,1986,Steve Harris,12
HOU,1986,Hank McDowell,8
HOU,1986,Granville Waiters,4
LAL,1987,Magic Johnson,157
LAL,1987,Kareem Abdul-Jabbar,130
LAL,1987,James Worthy,124
LAL,1987,Michael Cooper,72
LAL,1987,Byron Scott,71
LAL,1987,Mychal Thompson,67
LAL,1987,A.C. Green,47
LAL,1987,Kurt Rambis,11
LAL,1987,Adrian Branch,5
LAL,1987,Wes Matthews,5
LAL,1987,Mike Smrek,2
BOS,1987,Larry Bird,145
BOS,1987,Dennis Johnson,126
BOS,1987,Kevin McHale,123
BOS,1987,Robert Parish,100
BOS,1987,Danny Ainge,75
BOS,1987,Darren Daye,27
BOS,1987,Fred Roberts,22
BOS,1987,Sam Vincent,19
BOS,1987,Conner Henry,10
BOS,1987,Jerry Sichting,8
BOS,1987,Bill Walton,6
BOS,1987,Greg Kite,5
LAL,1988,James Worthy,154
LAL,1988,Magic Johnson,148
LAL,1988,Byron Scott,132
LAL,1988,Kareem Abdul-Jabbar,92
LAL,1988,A.C. Green,70
LAL,1988,Mychal Thompson,49
LAL,1988,Michael Cooper,26
LAL,1988,Tony Campbell,8
LAL,1988,Wes Matthews,6
LAL,1988,Kurt Rambis,6
LAL,1988,Mike Smrek,0
LAL,1988,Milt Wagner,0
DET,1988,Adrian Dantley,149
DET,1988,Isiah Thomas,138
DET,1988,Joe Dumars,94
DET,1988,Vinnie Johnson,77
DET,1988,Bill Laimbeer,66
DET,1988,Dennis Rodman,55
DET,1988,John Salley,50
DET,1988,James Edwards,49
DET,1988,Rick Mahorn,23
DET,1988,Walker Russell,4
DET,1988,Ralph Lewis,2
DET,1988,Chuck Nevitt,2
DET,1989,Joe Dumars,109
DET,1989,Isiah Thomas,85
DET,1989,Vinnie Johnson,68
DET,1989,James Edwards,36
DET,1989,Bill Laimbeer,32
DET,1989,Mark Aguirre,30
DET,1989,John Salley,30
DET,1989,Rick Mahorn,24
DET,1989,Dennis Rodman,20
DET,1989,John Long,2
DET,1989,Fennis Dembo,0
DET,1989,Micheal Williams,0
LAL,1989,James Worthy,102
LAL,1989,Kareem Abdul-Jabbar,50
LAL,1989,Michael Cooper,48
LAL,1989,Tony Campbell,44
LAL,1989,Mychal Thompson,40
LAL,1989,Orlando Woolridge,38
LAL,1989,A.C. Green,35
LAL,1989,Magic Johnson,35
LAL,1989,David Rivers,12
LAL,1989,Jeff Lamp,5
LAL,1989,Mark McNamara,0
DET,1990,Isiah Thomas,138
DET,1990,Joe Dumars,103
DET,1990,James Edwards,72
DET,1990,Bill Laimbeer,66
DET,1990,Vinnie Johnson,61
DET,1990,Mark Aguirre,48
DET,1990,John Salley,33
DET,1990,Dennis Rodman,9
DET,1990,Dave Greenwood,3
DET,1990,Gerald Henderson,2
DET,1990,Scott Hastings,0
POR,1990,Clyde Drexler,132
POR,1990,Jerome Kersey,95
POR,1990,Terry Porter,95
POR,1990,Kevin Duckworth,78
POR,1990,Buck Williams,56
POR,1990,Clifford Robinson,19
POR,1990,Danny Young,15
POR,1990,Dražen Petrović,10
POR,1990,Wayne Cooper,9
POR,1990,Mark Bryant,1
CHI,1991,Michael Jordan,156
CHI,1991,Scottie Pippen,104
CHI,1991,Horace Grant,73
CHI,1991,John Paxson,67
CHI,1991,Bill Cartwright,44
CHI,1991,Craig Hodges,19
CHI,1991,Cliff Levingston,16
CHI,1991,B.J. Armstrong,10
CHI,1991,Will Perdue,8
CHI,1991,Scott Williams,8
CHI,1991,Stacey King,2
CHI,1991,Dennis Hopson,0
LAL,1991,Magic Johnson,93
LAL,1991,Vlade Divac,91
LAL,1991,Sam Perkins,83
LAL,1991,James Worthy,77
LAL,1991,A.C. Green,29
LAL,1991,Terry Teagle,25
LAL,1991,Elden Campbell,23
LAL,1991,Byron Scott,18
LAL,1991,Tony Smith,12
LAL,1991,Larry Drew,7
LAL,1991,Mychal Thompson,0
CHI,1992,Michael Jordan,215
CHI,1992,Scottie Pippen,125
CHI,1992,John Paxson,62
CHI,1992,Horace Grant,55
CHI,1992,Bill Cartwright,38
CHI,1992,B.J. Armstrong,35
CHI,1992,Scott Williams,33
CHI,1992,Cliff Levingston,23
CHI,1992,Stacey King,18
CHI,1992,Bob Hansen,16
CHI,1992,Craig Hodges,2
CHI,1992,Will Perdue,2
POR,1992,Clyde Drexler,149
POR,1992,Terry Porter,97
POR,1992,Jerome Kersey,89
POR,1992,Clifford Robinson,62
POR,1992,Danny Ainge,60
POR,1992,Kevin Duckworth,56
POR,1992,Buck Williams,47
POR,1992,Mark Bryant,10
POR,1992,Robert Pack,5
POR,1992,Ennis Whatley,4
POR,1992,Alaa Abdelnaby,1
POR,1992,Wayne Cooper,0
CHI,1993,Michael Jordan,246
CHI,1993,Scottie Pippen,127
CHI,1993,B.J. Armstrong,81
CHI,1993,Horace Grant,67
CHI,1993,John Paxson,35
CHI,1993,Scott Williams,28
CHI,1993,Bill Cartwright,26
CHI,1993,Trent Tucker,17
CHI,1993,Stacey King,13
CHI,1993,Rodney McCray,0
CHI,1993,Will Perdue,0
CHI,1993,Darrell Walker,0
PHO,1993,Charles Barkley,164
PHO,1993,Kevin Johnson,103
PHO,1993,Dan Majerle,103
PHO,1993,Richard Dumas,95
PHO,1993,Danny Ainge,53
PHO,1993,Tom Chambers,40
PHO,1993,Mark West,34
PHO,1993,Oliver Miller,30
PHO,1993,Frank Johnson,18
PHO,1993,Jerrod Mustaf,0
HOU,1994,Hakeem Olajuwon,188
HOU,1994,Vernon Maxwell,94
HOU,1994,Robert Horry,72
HOU,1994,Sam Cassell,70
HOU,1994,Otis Thorpe,65
HOU,1994,Carl Herrera,50
HOU,1994,Kenny Smith,39
HOU,1994,Mario Elie,17
HOU,1994,Matt Bullard,8
HOU,1994,Earl Cureton,0
HOU,1994,Chris Jent,0
NYK,1994,Patrick Ewing,132
NYK,1994,John Starks,124
NYK,1994,Derek Harper,115
NYK,1994,Charles Oakley,77
NYK,1994,Charles Smith,65
NYK,1994,Anthony Mason,60
NYK,1994,Greg Anthony,23
NYK,1994,Hubert Davis,8
NYK,1994,Anthony Bonner,4
NYK,1994,Herb Williams,0
HOU,1995,Hakeem Olajuwon,131
HOU,1995,Clyde Drexler,86
HOU,1995,Robert Horry,71
HOU,1995,Mario Elie,65
HOU,1995,Sam Cassell,57
HOU,1995,Kenny Smith,30
HOU,1995,Chucky Brown,12
HOU,1995,Charles Jones,4
HOU,1995,Pete Chilcutt,0
ORL,1995,Shaquille O'Neal,112
ORL,1995,Anfernee Hardaway,102
ORL,1995,Horace Grant,54
ORL,1995,Brian Shaw,50
ORL,1995,Nick Anderson,49
ORL,1995,Dennis Scott,42
ORL,1995,Anthony Bowie,13
ORL,1995,Jeff Turner,6
ORL,1995,Donald Royal,0
CHI,1996,Michael Jordan,164
CHI,1996,Scottie Pippen,94
CHI,1996,Toni Kukoč,78
CHI,1996,Luc Longley,70
CHI,1996,Dennis Rodman,45
CHI,1996,Ron Harper,39
CHI,1996,Steve Kerr,30
CHI,1996,Randy Brown,17
CHI,1996,Bill Wennington,17
CHI,1996,Jud Buechler,4
CHI,1996,John Salley,0
SEA,1996,Shawn Kemp,140
SEA,1996,Gary Payton,108
SEA,1996,Detlef Schrempf,98
SEA,1996,Hersey Hawkins,80
SEA,1996,Sam Perkins,67
SEA,1996,David Wingate,15
SEA,1996,Nate McMillan,11
SEA,1996,Vincent Askew,7
SEA,1996,Frank Brickowski,5
SEA,1996,Ervin Johnson,4
SEA,1996,Steve Scheffler,0
SEA,1996,Eric Snow,0
CHI,1997,Michael Jordan,194
CHI,1997,Scottie Pippen,120
CHI,1997,Toni Kukoč,48
CHI,1997,Bison Dele,41
CHI,1997,Luc Longley,41
CHI,1997,Ron Harper,29
CHI,1997,Steve Kerr,26
CHI,1997,Dennis Rodman,14
CHI,1997,Jud Buechler,10
CHI,1997,Randy Brown,4
CHI,1997,Jason Caffey,0
UTA,1997,Karl Malone,143
UTA,1997,John Stockton,90
UTA,1997,Jeff Hornacek,72
UTA,1997,Bryon Russell,68
UTA,1997,Greg Foster,33
UTA,1997,Howard Eisley,32
UTA,1997,Greg Ostertag,26
UTA,1997,Chris Morris,21
UTA,1997,Antoine Carr,18
UTA,1997,Shandon Anderson,17
UTA,1997,Adam Keefe,3
CHI,1998,Michael Jordan,201
CHI,1998,Scottie Pippen,94
CHI,1998,Toni Kukoč,91
CHI,1998,Ron Harper,32
CHI,1998,Luc Longley,30
CHI,1998,Steve Kerr,23
CHI,1998,Scott Burrell,21
CHI,1998,Dennis Rodman,20
CHI,1998,Jud Buechler,8
CHI,1998,Bill Wennington,4
CHI,1998,Randy Brown,2
CHI,1998,Dickey Simpkins,2
UTA,1998,Karl Malone,150
UTA,1998,Jeff Hornacek,64
UTA,1998,John Stockton,58
UTA,1998,Bryon Russell,53
UTA,1998,Shandon Anderson,44
UTA,1998,Howard Eisley,28
UTA,1998,Chris Morris,26
UTA,1998,Antoine Carr,25
UTA,1998,Adam Keefe,14
UTA,1998,Greg Ostertag,11
UTA,1998,Greg Foster,8
UTA,1998,Jacque Vaughn,0
SAS,1999,Tim Duncan,137
SAS,1999,David Robinson,83
SAS,1999,Mario Elie,58
SAS,1999,Avery Johnson,46
SAS,1999,Sean Elliott,40
SAS,1999,Jaren Jackson,33
SAS,1999,Antonio Daniels,10
SAS,1999,Steve Kerr,9
SAS,1999,Malik Rose,6
SAS,1999,Jerome Kersey,2
SAS,1999,Gerard King,0
NYK,1999,Latrell Sprewell,130
NYK,1999,Allan Houston,108
NYK,1999,Marcus Camby,48
NYK,1999,Larry Johnson,38
NYK,1999,Charlie Ward,29
NYK,1999,Kurt Thomas,28
NYK,1999,Chris Childs,12
NYK,1999,Chris Dudley,6
NYK,1999,Rick Brunson,0
NYK,1999,Herb Williams,0
LAL,2000,Shaquille O'Neal,228
LAL,2000,Kobe Bryant,78
LAL,2000,Glen Rice,69
LAL,2000,Ron Harper,65
LAL,2000,Robert Horry,55
LAL,2000,Rick Fox,40
LAL,2000,Derek Fisher,36
LAL,2000,A.C. Green,30
LAL,2000,Brian Shaw,18
LAL,2000,Travis Knight,5
LAL,2000,John Salley,4
LAL,2000,Devean George,1
IND,2000,Reggie Miller,146
IND,2000,Jalen Rose,138
IND,2000,Austin Croshere,91
IND,2000,Rik Smits,60
IND,2000,Mark Jackson,58
IND,2000,Dale Davis,52
IND,2000,Sam Perkins,36
IND,2000,Travis Best,35
IND,2000,Derrick McKey,11
IND,2000,Jonathan Bender,7
IND,2000,Chris Mullin,4
IND,2000,Žan Tabak,2
LAL,2001,Shaquille O'Neal,165
LAL,2001,Kobe Bryant,123
LAL,2001,Derek Fisher,49
LAL,2001,Rick Fox,49
LAL,2001,Robert Horry,42
LAL,2001,Horace Grant,26
LAL,2001,Tyronn Lue,18
LAL,2001,Brian Shaw,18
LAL,2001,Ron Harper,13
LAL,2001,Mark Madsen,0
PHI,2001,Allen Iverson,178
PHI,2001,Dikembe Mutombo,84
PHI,2001,Eric Snow,63
PHI,2001,Aaron McKie,40
PHI,2001,Tyrone Hill,33
PHI,2001,Matt Geiger,26
PHI,2001,Raja Bell,13
PHI,2001,Todd MacCulloch,13
PHI,2001,Jumaine Jones,10
PHI,2001,Kevin Ollie,5
PHI,2001,Rodney Buford,2
PHI,2001,George Lynch,2
LAL,2002,Shaquille O'Neal,145
LAL,2002,Kobe Bryant,107
LAL,2002,Derek Fisher,51
LAL,2002,Rick Fox,39
LAL,2002,Robert Horry,32
LAL,2002,Devean George,26
LAL,2002,Brian Shaw,14
LAL,2002,Samaki Walker,4
LAL,2002,Lindsey Hunter,2
LAL,2002,Stanislav Medvedenko,2
LAL,2002,Mitch Richmond,2
LAL,2002,Mark Madsen,0
NJN,2002,Kenyon Martin,88
NJN,2002,Jason Kidd,83
NJN,2002,Kerry Kittles,50
NJN,2002,Keith Van Horn,42
NJN,2002,Lucious Harris,31
NJN,2002,Todd MacCulloch,30
NJN,2002,Richard Jefferson,27
NJN,2002,Jason Collins,17
NJN,2002,Aaron Williams,14
NJN,2002,Anthony Johnson,5
NJN,2002,Donny Marshall,0
NJN,2002,Brian Scalabrine,0
SAS,2003,Tim Duncan,145
SAS,2003,Tony Parker,84
SAS,2003,David Robinson,65
SAS,2003,Stephen Jackson,62
SAS,2003,Manu Ginóbili,52
SAS,2003,Malik Rose,46
SAS,2003,Speedy Claxton,37
SAS,2003,Bruce Bowen,20
SAS,2003,Steve Kerr,8
SAS,2003,Kevin Willis,8
SAS,2003,Danny Ferry,0
SAS,2003,Steve Smith,0
NJN,2003,Jason Kidd,118
NJN,2003,Kenyon Martin,88
NJN,2003,Richard Jefferson,79
NJN,2003,Kerry Kittles,65
NJN,2003,Lucious Harris,39
NJN,2003,Rodney Rogers,28
NJN,2003,Aaron Williams,28
NJN,2003,Jason Collins,22
NJN,2003,Dikembe Mutombo,14
NJN,2003,Anthony Johnson,11
NJN,2003,Brian Scalabrine,0
NJN,2003,Tamar Slay,0
DET,2004,Richard Hamilton,107
DET,2004,Chauncey Billups,105
DET,2004,Rasheed Wallace,65
DET,2004,Ben Wallace,54
DET,2004,Tayshaun Prince,50
DET,2004,Corliss Williamson,21
DET,2004,Lindsey Hunter,18
DET,2004,Elden Campbell,17
DET,2004,Mehmet Okur,11
DET,2004,Mike James,4
DET,2004,Darvin Ham,2
DET,2004,Darko Miličić,0
LAL,2004,Shaquille O'Neal,133
LAL,2004,Kobe Bryant,113
LAL,2004,Derek Fisher,32
LAL,2004,Devean George,29
LAL,2004,Gary Payton,21
LAL,2004,Karl Malone,20
LAL,2004,Stanislav Medvedenko,18
LAL,2004,Kareem Rush,18
LAL,2004,Luke Walton,13
LAL,2004,Rick Fox,8
LAL,2004,Brian Cook,4
LAL,2004,Bryon Russell,0
SAS,2005,Tim Duncan,144
SAS,2005,Manu Ginóbili,131
SAS,2005,Tony Parker,97
SAS,2005,Robert Horry,74
SAS,2005,Bruce Bowen,55
SAS,2005,Nazr Mohammed,34
SAS,2005,Brent Barry,32
SAS,2005,Beno Udrih,12
SAS,2005,Devin Brown,11
SAS,2005,Rasho Nesterović,2
SAS,2005,Glenn Robinson,2
SAS,2005,Tony Massenburg,0
DET,2005,Chauncey Billups,143
DET,2005,Richard Hamilton,117
DET,2005,Rasheed Wallace,76
DET,2005,Ben Wallace,75
DET,2005,Antonio McDyess,71
DET,2005,Tayshaun Prince,71
DET,2005,Lindsey Hunter,39
DET,2005,Carlos Arroyo,11
DET,2005,Darvin Ham,2
DET,2005,Darko Miličić,2
DET,2005,Elden Campbell,0
DET,2005,Ronald Dupree,0
MIA,2006,Dwyane Wade,208
MIA,2006,Antoine Walker,83
MIA,2006,Shaquille O'Neal,82
MIA,2006,Jason Williams,53
MIA,2006,James Posey,44
MIA,2006,Udonis Haslem,39
MIA,2006,Alonzo Mourning,26
MIA,2006,Gary Payton,16
MIA,2006,Shandon Anderson,6
MIA,2006,Michael Doleac,0
MIA,2006,Jason Kapono,0
DAL,2006,Dirk Nowitzki,137
DAL,2006,Jason Terry,132
DAL,2006,Josh Howard,88
DAL,2006,Jerry Stackhouse,64
DAL,2006,Devin Harris,44
DAL,2006,Erick Dampier,34
DAL,2006,Adrian Griffin,18
DAL,2006,Marquis Daniels,17
DAL,2006,DeSagana Diop,10
DAL,2006,Keith Van Horn,7
DAL,2006,Darrell Armstrong,0
DAL,2006,Didier Ilunga-Mbenga,0
DAL,2006,Josh Powell,0
SAS,2007,Tony Parker,98
SAS,2007,Tim Duncan,73
SAS,2007,Manu Ginóbili,71
SAS,2007,Bruce Bowen,24
SAS,2007,Fabricio Oberto,17
SAS,2007,Francisco Elson,16
SAS,2007,Michael Finley,15
SAS,2007,Brent Barry,12
SAS,2007,Robert Horry,12
SAS,2007,Jacque Vaughn,8
SAS,2007,Beno Udrih,0
CLE,2007,LeBron James,88
CLE,2007,Drew Gooden,51
CLE,2007,Daniel Gibson,43
CLE,2007,Sasha Pavlović,39
CLE,2007,Zydrunas Ilgauskas,31
CLE,2007,Anderson Varejão,30
CLE,2007,Damon Jones,18
CLE,2007,Donyell Marshall,15
CLE,2007,Eric Snow,5
CLE,2007,Larry Hughes,2
CLE,2007,Shannon Brown,0
CLE,2007,Ira Newble,0
CLE,2007,Scot Pollard,0
BOS,2008,Paul Pierce,131
BOS,2008,Ray Allen,122
BOS,2008,Kevin Garnett,109
BOS,2008,Rajon Rondo,56
BOS,2008,James Posey,52
BOS,2008,Leon Powe,37
BOS,2008,Eddie House,32
BOS,2008,P.J. Brown,24
BOS,2008,Kendrick Perkins,20
BOS,2008,Sam Cassell,19
BOS,2008,Tony Allen,8
BOS,2008,Glen Davis,3
LAL,2008,Kobe Bryant,154
LAL,2008,Pau Gasol,88
LAL,2008,Lamar Odom,81
LAL,2008,Derek Fisher,65
LAL,2008,Sasha Vujačić,50
LAL,2008,Vladimir Radmanović,44
LAL,2008,Jordan Farmar,42
LAL,2008,Luke Walton,15
LAL,2008,Trevor Ariza,13
LAL,2008,Ronny Turiaf,11
LAL,2008,Chris Mihm,0
LAL,2009,Kobe Bryant,162
LAL,2009,Pau Gasol,93
LAL,2009,Lamar Odom,67
LAL,2009,Trevor Ariza,55
LAL,2009,Derek Fisher,55
LAL,2009,Andrew Bynum,30
LAL,2009,Luke Walton,19
LAL,2009,Jordan Farmar,17
LAL,2009,Josh Powell,5
LAL,2009,Shannon Brown,0
LAL,2009,Didier Ilunga-Mbenga,0
LAL,2009,Sasha Vujačić,0
ORL,2009,Hedo Türkoğlu,90
ORL,2009,Rashard Lewis,87
ORL,2009,Dwight Howard,77
ORL,2009,Rafer Alston,53
ORL,2009,Mickaël Piétrus,53
ORL,2009,Courtney Lee,29
ORL,2009,J.J. Redick,22
ORL,2009,Jameer Nelson,19
ORL,2009,Marcin Gortat,16
ORL,2009,Tony Battie,10
LAL,2010,Kobe Bryant,200
LAL,2010,Pau Gasol,130
LAL,2010,Metta World Peace,74
LAL,2010,Derek Fisher,60
LAL,2010,Lamar Odom,53
LAL,2010,Andrew Bynum,52
LAL,2010,Shannon Brown,21
LAL,2010,Jordan Farmar,21
LAL,2010,Sasha Vujačić,21
LAL,2010,Luke Walton,2
LAL,2010,Didier Ilunga-Mbenga,0
LAL,2010,Josh Powell,0
BOS,2010,Paul Pierce,126
BOS,2010,Kevin Garnett,107
BOS,2010,Ray Allen,102
BOS,2010,Rajon Rondo,95
BOS,2010,Glen Davis,47
BOS,2010,Rasheed Wallace,37
BOS,2010,Kendrick Perkins,35
BOS,2010,Nate Robinson,34
BOS,2010,Tony Allen,22
BOS,2010,Marquis Daniels,5
BOS,2010,Michael Finley,0
BOS,2010,Brian Scalabrine,0
BOS,2010,Shelden Williams,0
DAL,2011,Dirk Nowitzki,156
DAL,2011,Jason Terry,108
DAL,2011,Shawn Marion,82
DAL,2011,Tyson Chandler,58
DAL,2011,J.J. Barea,53
DAL,2011,Jason Kidd,46
DAL,2011,DeShawn Stevenson,42
DAL,2011,Ian Mahinmi,9
DAL,2011,Brian Cardinal,7
DAL,2011,Brendan Haywood,5
DAL,2011,Peja Stojaković,2
MIA,2011,Dwyane Wade,159
MIA,2011,Chris Bosh,111
MIA,2011,LeBron James,107
MIA,2011,Mario Chalmers,71
MIA,2011,Udonis Haslem,40
MIA,2011,Mike Miller,21
MIA,2011,Mike Bibby,19
MIA,2011,Eddie House,9
MIA,2011,Juwan Howard,9
MIA,2011,Joel Anthony,8
MIA,2012,LeBron James,143
MIA,2012,Dwyane Wade,113
MIA,2012,Chris Bosh,73
MIA,2012,Shane Battier,58
MIA,2012,Mario Chalmers,52
MIA,2012,Mike Miller,31
MIA,2012,Norris Cole,13
MIA,2012,Udonis Haslem,13
MIA,2012,James Jones,11
MIA,2012,Terrel Harris,3
MIA,2012,Joel Anthony,0
MIA,2012,Juwan Howard,0
MIA,2012,Ronny Turiaf,0
OKC,2012,Kevin Durant,153
OKC,2012,Russell Westbrook,135
OKC,2012,James Harden,62
OKC,2012,Serge Ibaka,35
OKC,2012,Derek Fisher,28
OKC,2012,Kendrick Perkins,24
OKC,2012,Thabo Sefolosha,23
OKC,2012,Nick Collison,18
OKC,2012,Royal Ivey,6
OKC,2012,Cole Aldrich,2
OKC,2012,Daequan Cook,2
OKC,2012,Lazar Hayward,2
MIA,2013,LeBron James,177
MIA,2013,Dwyane Wade,137
MIA,2013,Chris Bosh,83
MIA,2013,Ray Allen,74
MIA,2013,Mario Chalmers,74
MIA,2013,Shane Battier,39
MIA,2013,Mike Miller,37
MIA,2013,Chris Andersen,22
MIA,2013,Norris Cole,15
MIA,2013,Udonis Haslem,9
MIA,2013,James Jones,6
MIA,2013,Rashard Lewis,4
MIA,2013,Joel Anthony,2
SAS,2013,Tim Duncan,132
SAS,2013,Tony Parker,110
SAS,2013,Kawhi Leonard,102
SAS,2013,Danny Green,98
SAS,2013,Manu Ginóbili,81
SAS,2013,Gary Neal,66
SAS,2013,Tiago Splitter,34
SAS,2013,Boris Diaw,24
SAS,2013,DeJuan Blair,11
SAS,2013,Matt Bonner,11
SAS,2013,Cory Joseph,11
SAS,2013,Patty Mills,4
SAS,2013,Nando De Colo,0
SAS,2013,Tracy McGrady,0
SAS,2014,Tony Parker,90
SAS,2014,Kawhi Leonard,89
SAS,2014,Tim Duncan,77
SAS,2014,Manu Ginóbili,72
SAS,2014,Patty Mills,51
SAS,2014,Danny Green,46
SAS,2014,Boris Diaw,31
SAS,2014,Tiago Splitter,31
SAS,2014,Marco Belinelli,23
SAS,2014,Aron Baynes,6
SAS,2014,Jeff Ayres,5
SAS,2014,Matt Bonner,5
SAS,2014,Cory Joseph,2
MIA,2014,LeBron James,141
MIA,2014,Dwyane Wade,76
MIA,2014,Chris Bosh,70
MIA,2014,Ray Allen,49
MIA,2014,Rashard Lewis,43
MIA,2014,Mario Chalmers,22
MIA,2014,Norris Cole,16
MIA,2014,Chris Andersen,13
MIA,2014,James Jones,11
MIA,2014,Michael Beasley,9
MIA,2014,Toney Douglas,4
MIA,2014,Udonis Haslem,4
MIA,2014,Shane Battier,0
MIA,2014,Greg Oden,0
GSW,2015,Stephen Curry,156
GSW,2015,Andre Iguodala,98
GSW,2015,Klay Thompson,95
GSW,2015,Draymond Green,78
GSW,2015,Harrison Barnes,53
GSW,2015,Leandro Barbosa,31
GSW,2015,Shaun Livingston,30
GSW,2015,Festus Ezeli,22
GSW,2015,David Lee,22
GSW,2015,Andrew Bogut,10
GSW,2015,Marreese Speights,9
GSW,2015,Justin Holiday,0
GSW,2015,James Michael McAdoo,0
CLE,2015,LeBron James,215
CLE,2015,Timofey Mozgov,84
CLE,2015,J.R. Smith,69
CLE,2015,Tristan Thompson,60
CLE,2015,Matthew Dellavedova,45
CLE,2015,Iman Shumpert,39
CLE,2015,Kyrie Irving,23
CLE,2015,James Jones,20
CLE,2015,Mike Miller,3
CLE,2015,Kendrick Perkins,2
CLE,2015,Joe Harris,1
CLE,2016,LeBron James,208
CLE,2016,Kyrie Irving,190
CLE,2016,J.R. Smith,74
CLE,2016,Tristan Thompson,72
CLE,2016,Kevin Love,51
CLE,2016,Richard Jefferson,40
CLE,2016,Iman Shumpert,21
CLE,2016,Matthew Dellavedova,16
CLE,2016,Mo Williams,9
CLE,2016,Dahntay Jones,8
CLE,2016,Timofey Mozgov,7
CLE,2016,Jordan McRae,4
CLE,2016,Channing Frye,2
CLE,2016,James Jones,1
GSW,2016,Stephen Curry,158
GSW,2016,Klay Thompson,137
GSW,2016,Draymond Green,99
GSW,2016,Harrison Barnes,65
GSW,2016,Andre Iguodala,64
GSW,2016,Shaun Livingston,58
GSW,2016,Leandro Barbosa,49
GSW,2016,Andrew Bogut,16
GSW,2016,Festus Ezeli,14
GSW,2016,Marreese Speights,14
GSW,2016,Ian Clark,13
GSW,2016,Anderson Varejão,7
GSW,2016,James Michael McAdoo,4
GSW,2016,Brandon Rush,1
GSW,2017,Kevin Durant,176
GSW,2017,Stephen Curry,134
GSW,2017,Klay Thompson,82
GSW,2017,Draymond Green,55
GSW,2017,Andre Iguodala,43
GSW,2017,Shaun Livingston,33
GSW,2017,David West,21
GSW,2017,Ian Clark,19
GSW,2017,Zaza Pachulia,16
GSW,2017,Patrick McCaw,11
GSW,2017,JaVale McGee,11
GSW,2017,James Michael McAdoo,4
GSW,2017,Matt Barnes,3
CLE,2017,LeBron James,168
CLE,2017,Kyrie Irving,147
CLE,2017,Kevin Love,80
CLE,2017,J.R. Smith,59
CLE,2017,Richard Jefferson,29
CLE,2017,Tristan Thompson,28
CLE,2017,Kyle Korver,22
CLE,2017,Iman Shumpert,18
CLE,2017,Dahntay Jones,9
CLE,2017,Derrick Williams,7
CLE,2017,Deron Williams,5
CLE,2017,Channing Frye,2
CLE,2017,James Jones,0
GSW,2018,Kevin Durant,115
GSW,2018,Stephen Curry,110
GSW,2018,Klay Thompson,64
GSW,2018,Draymond Green,37
GSW,2018,JaVale McGee,32
GSW,2018,Shaun Livingston,30
GSW,2018,Jordan Bell,23
GSW,2018,Andre Iguodala,19
GSW,2018,Kevon Looney,10
GSW,2018,Zaza Pachulia,8
GSW,2018,David West,7
GSW,2018,Nick Young,5
GSW,2018,Quinn Cook,2
GSW,2018,Patrick McCaw,2
CLE,2018,LeBron James,136
CLE,2018,Kevin Love,76
CLE,2018,J.R. Smith,38
CLE,2018,George Hill,30
CLE,2018,Rodney Hood,27
CLE,2018,Tristan Thompson,27
CLE,2018,Larry Nance,23
CLE,2018,Jeff Green,21
CLE,2018,Jordan Clarkson,6
CLE,2018,Kyle Korver,6
CLE,2018,Ante Žižić,6
CLE,2018,José Calderón,4
CLE,2018,Cedi Osman,4
TOR,2019,Kawhi Leonard,171
TOR,2019,Pascal Siakam,119
TOR,2019,Kyle Lowry,97
TOR,2019,Fred VanVleet,84
TOR,2019,Marc Gasol,72
TOR,2019,Serge Ibaka,68
TOR,2019,Danny Green,44
TOR,2019,Norman Powell,11
TOR,2019,Patrick McCaw,3
TOR,2019,Jeremy Lin,0
TOR,2019,Jodie Meeks,0
TOR,2019,Malcolm Miller,0
GSW,2019,Stephen Curry,183
GSW,2019,Klay Thompson,130
GSW,2019,Draymond Green,75
GSW,2019,Andre Iguodala,55
GSW,2019,DeMarcus Cousins,50
GSW,2019,Quinn Cook,29
GSW,2019,Kevon Looney,29
GSW,2019,Shaun Livingston,28
GSW,2019,Jonas Jerebko,14
GSW,2019,Alfonzo McKinnie,13
GSW,2019,Andrew Bogut,12
GSW,2019,Kevin Durant,11
GSW,2019,Jordan Bell,6
GSW,2019,Jacob Evans,0
GSW,2019,Damian Jones,0
LAL,2020,LeBron James,179
LAL,2020,Anthony Davis,150
LAL,2020,Kentavious Caldwell-Pope,77
LAL,2020,Rajon Rondo,52
LAL,2020,Kyle Kuzma,51
LAL,2020,Danny Green,45
LAL,2020,Markieff Morris,45
LAL,2020,Alex Caruso,38
LAL,2020,Dwight Howard,17
LAL,2020,Quinn Cook,3
LAL,2020,J.R. Smith,3
LAL,2020,Jared Dudley,0
MIA,2020,Jimmy Butler,157
MIA,2020,Tyler Herro,88
MIA,2020,Duncan Robinson,75
MIA,2020,Jae Crowder,67
MIA,2020,Kendrick Nunn,63
MIA,2020,Bam Adebayo,61
MIA,2020,Kelly Olynyk,58
MIA,2020,Andre Iguodala,19
MIA,2020,Meyers Leonard,14
MIA,2020,Solomon Hill,12
MIA,2020,Goran Dragić,11
MIA,2020,Derrick Jones,2