year	teamID	finalTeamID	teamName
1950	AND	AND	Anderson Packers
1950	BLB	BLB	Baltimore Bullets
1950	BOS	BOS	Boston Celtics
1950	CHS	CHS	Chicago Stags
1950	DNN	DNN	Denver Nuggets
1950	FTW	DET	Fort Wayne Pistons
1950	INO	INO	Indianapolis Olympians
1950	MNL	LAL	Minneapolis Lakers
1950	NYK	NYK	New York Knicks
1950	PHW	GSW	Philadelphia Warriors
1950	ROC	SAC	Rochester Royals
1950	SHE	SHE	Sheboygan Red Skins
1950	STB	STB	St. Louis Bombers
1950	SYR	PHI	Syracuse Nationals
1950	TRI	ATL	Tri-Cities Blackhawks
1950	WAT	WAT	Waterloo Hawks
1950	WSC	WSC	Washington Capitols
1951	BLB	BLB	Baltimore Bullets
1951	BOS	BOS	Boston Celtics
1951	FTW	DET	Fort Wayne Pistons
1951	INO	INO	Indianapolis Olympians
1951	MNL	LAL	Minneapolis Lakers
1951	NYK	NYK	New York Knicks
1951	PHW	GSW	Philadelphia Warriors
1951	ROC	SAC	Rochester Royals
1951	SYR	PHI	Syracuse Nationals
1951	TRI	ATL	Tri-Cities Blackhawks
1951	WSC	WSC	Washington Capitols
1952	BLB	BLB	Baltimore Bullets
1952	BOS	BOS	Boston Celtics
1952	FTW	DET	Fort Wayne Pistons
1952	INO	INO	Indianapolis Olympians
1952	MLH	ATL	Milwaukee Hawks
1952	MNL	LAL	Minneapolis Lakers
1952	NYK	NYK	New York Knicks
1952	PHW	GSW	Philadelphia Warriors
1952	ROC	SAC	Rochester Royals
1952	SYR	PHI	Syracuse Nationals
1953	BLB	BLB	Baltimore Bullets
1953	BOS	BOS	Boston Celtics
1953	FTW	DET	Fort Wayne Pistons
1953	INO	INO	Indianapolis Olympians
1953	MLH	ATL	Milwaukee Hawks
1953	MNL	LAL	Minneapolis Lakers
1953	NYK	NYK	New York Knicks
1953	PHW	GSW	Philadelphia Warriors
1953	ROC	SAC	Rochester Royals
1953	SYR	PHI	Syracuse Nationals
1954	BLB	BLB	Baltimore Bullets
1954	BOS	BOS	Boston Celtics
1954	FTW	DET	Fort Wayne Pistons
1954	MLH	ATL	Milwaukee Hawks
1954	MNL	LAL	Minneapolis Lakers
1954	NYK	NYK	New York Knicks
1954	PHW	GSW	Philadelphia Warriors
1954	ROC	SAC	Rochester Royals
1954	SYR	PHI	Syracuse Nationals
1955	BLB	BLB	Baltimore Bullets
1955	BOS	BOS	Boston Celtics
1955	FTW	DET	Fort Wayne Pistons
1955	MLH	ATL	Milwaukee Hawks
1955	MNL	LAL	Minneapolis Lakers
1955	NYK	NYK	New York Knicks
1955	PHW	GSW	Philadelphia Warriors
1955	ROC	SAC	Rochester Royals
1955	SYR	PHI	Syracuse Nationals
1956	BOS	BOS	Boston Celtics
1956	FTW	DET	Fort Wayne Pistons
1956	MNL	LAL	Minneapolis Lakers
1956	NYK	NYK	New York Knicks
1956	PHW	GSW	Philadelphia Warriors
1956	ROC	SAC	Rochester Royals
1956	STL	ATL	St. Louis Hawks
1956	SYR	PHI	Syracuse Nationals
1957	BOS	BOS	Boston Celtics
1957	FTW	DET	Fort Wayne Pistons
1957	MNL	LAL	Minneapolis Lakers
1957	NYK	NYK	New York Knicks
1957	PHW	GSW	Philadelphia Warriors
1957	ROC	SAC	Rochester Royals
1957	STL	ATL	St. Louis Hawks
1957	SYR	PHI	Syracuse Nationals
1958	BOS	BOS	Boston Celtics
1958	CIN	SAC	Cincinnati Royals
1958	DET	DET	Detroit Pistons
1958	MNL	LAL	Minneapolis Lakers
1958	NYK	NYK	New York Knicks
1958	PHW	GSW	Philadelphia Warriors
1958	STL	ATL	St. Louis Hawks
1958	SYR	PHI	Syracuse Nationals
1959	BOS	BOS	Boston Celtics
1959	CIN	SAC	Cincinnati Royals
1959	DET	DET	Detroit Pistons
1959	MNL	LAL	Minneapolis Lakers
1959	NYK	NYK	New York Knicks
1959	PHW	GSW	Philadelphia Warriors
1959	STL	ATL	St. Louis Hawks
1959	SYR	PHI	Syracuse Nationals
1960	BOS	BOS	Boston Celtics
1960	CIN	SAC	Cincinnati Royals
1960	DET	DET	Detroit Pistons
1960	MNL	LAL	Minneapolis Lakers
1960	NYK	NYK	New York Knicks
1960	PHW	GSW	Philadelphia Warriors
1960	STL	ATL	St. Louis Hawks
1960	SYR	PHI	Syracuse Nationals
1961	BOS	BOS	Boston Celtics
1961	CIN	SAC	Cincinnati Royals
1961	DET	DET	Detroit Pistons
1961	LAL	LAL	Los Angeles Lakers
1961	NYK	NYK	New York Knicks
1961	PHW	GSW	Philadelphia Warriors
1961	STL	ATL	St. Louis Hawks
1961	SYR	PHI	Syracuse Nationals
1962	BOS	BOS	Boston Celtics
1962	CHP	WAS	Chicago Packers
1962	CIN	SAC	Cincinnati Royals
1962	DET	DET	Detroit Pistons
1962	LAL	LAL	Los Angeles Lakers
1962	NYK	NYK	New York Knicks
1962	PHW	GSW	Philadelphia Warriors
1962	STL	ATL	St. Louis Hawks
1962	SYR	PHI	Syracuse Nationals
1963	BOS	BOS	Boston Celtics
1963	CHZ	WAS	Chicago Zephyrs
1963	CIN	SAC	Cincinnati Royals
1963	DET	DET	Detroit Pistons
1963	LAL	LAL	Los Angeles Lakers
1963	NYK	NYK	New York Knicks
1963	SFW	GSW	San Francisco Warriors
1963	STL	ATL	St. Louis Hawks
1963	SYR	PHI	Syracuse Nationals
1964	BAL	WAS	Baltimore Bullets
1964	BOS	BOS	Boston Celtics
1964	CIN	SAC	Cincinnati Royals
1964	DET	DET	Detroit Pistons
1964	LAL	LAL	Los Angeles Lakers
1964	NYK	NYK	New York Knicks
1964	PHI	PHI	Philadelphia 76ers
1964	SFW	GSW	San Francisco Warriors
1964	STL	ATL	St. Louis Hawks
1965	BAL	WAS	Baltimore Bullets
1965	BOS	BOS	Boston Celtics
1965	CIN	SAC	Cincinnati Royals
1965	DET	DET	Detroit Pistons
1965	LAL	LAL	Los Angeles Lakers
1965	NYK	NYK	New York Knicks
1965	PHI	PHI	Philadelphia 76ers
1965	SFW	GSW	San Francisco Warriors
1965	STL	ATL	St. Louis Hawks
1966	BAL	WAS	Baltimore Bullets
1966	BOS	BOS	Boston Celtics
1966	CIN	SAC	Cincinnati Royals
1966	DET	DET	Detroit Pistons
1966	LAL	LAL	Los Angeles Lakers
1966	NYK	NYK	New York Knicks
1966	PHI	PHI	Philadelphia 76ers
1966	SFW	GSW	San Francisco Warriors
1966	STL	ATL	St. Louis Hawks
1967	BAL	WAS	Baltimore Bullets
1967	BOS	BOS	Boston Celtics
1967	CHI	CHI	Chicago Bulls
1967	CIN	SAC	Cincinnati Royals
1967	DET	DET	Detroit Pistons
1967	LAL	LAL	Los Angeles Lakers
1967	NYK	NYK	New York Knicks
1967	PHI	PHI	Philadelphia 76ers
1967	SFW	GSW	San Francisco Warriors
1967	STL	ATL	St. Louis Hawks
1968	BAL	WAS	Baltimore Bullets
1968	BOS	BOS	Boston Celtics
1968	CHI	CHI	Chicago Bulls
1968	CIN	SAC	Cincinnati Royals
1968	DET	DET	Detroit Pistons
1968	LAL	LAL	Los Angeles Lakers
1968	NYK	NYK	New York Knicks
1968	PHI	PHI	Philadelphia 76ers
1968	SDR	HOU	San Diego Rockets
1968	SEA	OKC	Seattle SuperSonics
1968	SFW	GSW	San Francisco Warriors
1968	STL	ATL	St. Louis Hawks
1969	ATL	ATL	Atlanta Hawks
1969	BAL	WAS	Baltimore Bullets
1969	BOS	BOS	Boston Celtics
1969	CHI	CHI	Chicago Bulls
1969	CIN	SAC	Cincinnati Royals
1969	DET	DET	Detroit Pistons
1969	LAL	LAL	Los Angeles Lakers
1969	MIL	MIL	Milwaukee Bucks
1969	NYK	NYK	New York Knicks
1969	PHI	PHI	Philadelphia 76ers
1969	PHO	PHO	Phoenix Suns
1969	SDR	HOU	San Diego Rockets
1969	SEA	OKC	Seattle SuperSonics
1969	SFW	GSW	San Francisco Warriors
1970	ATL	ATL	Atlanta Hawks
1970	BAL	WAS	Baltimore Bullets
1970	BOS	BOS	Boston Celtics
1970	CHI	CHI	Chicago Bulls
1970	CIN	SAC	Cincinnati Royals
1970	DET	DET	Detroit Pistons
1970	LAL	LAL	Los Angeles Lakers
1970	MIL	MIL	Milwaukee Bucks
1970	NYK	NYK	New York Knicks
1970	PHI	PHI	Philadelphia 76ers
1970	PHO	PHO	Phoenix Suns
1970	SDR	HOU	San Diego Rockets
1970	SEA	OKC	Seattle SuperSonics
1970	SFW	GSW	San Francisco Warriors
1971	ATL	ATL	Atlanta Hawks
1971	BAL	WAS	Baltimore Bullets
1971	BOS	BOS	Boston Celtics
1971	BUF	LAC	Buffalo Braves
1971	CHI	CHI	Chicago Bulls
1971	CIN	SAC	Cincinnati Royals
1971	CLE	CLE	Cleveland Cavaliers
1971	DET	DET	Detroit Pistons
1971	LAL	LAL	Los Angeles Lakers
1971	MIL	MIL	Milwaukee Bucks
1971	NYK	NYK	New York Knicks
1971	PHI	PHI	Philadelphia 76ers
1971	PHO	PHO	Phoenix Suns
1971	POR	POR	Portland Trail Blazers
1971	SDR	HOU	San Diego Rockets
1971	SEA	OKC	Seattle SuperSonics
1971	SFW	GSW	San Francisco Warriors
1972	ATL	ATL	Atlanta Hawks
1972	BAL	WAS	Baltimore Bullets
1972	BOS	BOS	Boston Celtics
1972	BUF	LAC	Buffalo Braves
1972	CHI	CHI	Chicago Bulls
1972	CIN	SAC	Cincinnati Royals
1972	CLE	CLE	Cleveland Cavaliers
1972	DET	DET	Detroit Pistons
1972	GSW	GSW	Golden State Warriors
1972	HOU	HOU	Houston Rockets
1972	LAL	LAL	Los Angeles Lakers
1972	MIL	MIL	Milwaukee Bucks
1972	NYK	NYK	New York Knicks
1972	PHI	PHI	Philadelphia 76ers
1972	PHO	PHO	Phoenix Suns
1972	POR	POR	Portland Trail Blazers
1972	SEA	OKC	Seattle SuperSonics
1973	ATL	ATL	Atlanta Hawks
1973	BAL	WAS	Baltimore Bullets
1973	BOS	BOS	Boston Celtics
1973	BUF	LAC	Buffalo Braves
1973	CHI	CHI	Chicago Bulls
1973	CLE	CLE	Cleveland Cavaliers
1973	DET	DET	Detroit Pistons
1973	GSW	GSW	Golden State Warriors
1973	HOU	HOU	Houston Rockets
1973	KCO	SAC	Kansas City-Omaha Kings
1973	LAL	LAL	Los Angeles Lakers
1973	MIL	MIL	Milwaukee Bucks
1973	NYK	NYK	New York Knicks
1973	PHI	PHI	Philadelphia 76ers
1973	PHO	PHO	Phoenix Suns
1973	POR	POR	Portland Trail Blazers
1973	SEA	OKC	Seattle SuperSonics
1974	ATL	ATL	Atlanta Hawks
1974	BOS	BOS	Boston Celtics
1974	BUF	LAC	Buffalo Braves
1974	CAP	WAS	Capital Bullets
1974	CHI	CHI	Chicago Bulls
1974	CLE	CLE	Cleveland Cavaliers
1974	DET	DET	Detroit Pistons
1974	GSW	GSW	Golden State Warriors
1974	HOU	HOU	Houston Rockets
1974	KCO	SAC	Kansas City-Omaha Kings
1974	LAL	LAL	Los Angeles Lakers
1974	MIL	MIL	Milwaukee Bucks
1974	NYK	NYK	New York Knicks
1974	PHI	PHI	Philadelphia 76ers
1974	PHO	PHO	Phoenix Suns
1974	POR	POR	Portland Trail Blazers
1974	SEA	OKC	Seattle SuperSonics
1975	ATL	ATL	Atlanta Hawks
1975	BOS	BOS	Boston Celtics
1975	BUF	LAC	Buffalo Braves
1975	CHI	CHI	Chicago Bulls
1975	CLE	CLE	Cleveland Cavaliers
1975	DET	DET	Detroit Pistons
1975	GSW	GSW	Golden State Warriors
1975	HOU	HOU	Houston Rockets
1975	KCO	SAC	Kansas City-Omaha Kings
1975	LAL	LAL	Los Angeles Lakers
1975	MIL	MIL	Milwaukee Bucks
1975	NOJ	UTA	New Orleans Jazz
1975	NYK	NYK	New York Knicks
1975	PHI	PHI	Philadelphia 76ers
1975	PHO	PHO	Phoenix Suns
1975	POR	POR	Portland Trail Blazers
1975	SEA	OKC	Seattle SuperSonics
1975	WSB	WAS	Washington Bullets
1976	ATL	ATL	Atlanta Hawks
1976	BOS	BOS	Boston Celtics
1976	BUF	LAC	Buffalo Braves
1976	CHI	CHI	Chicago Bulls
1976	CLE	CLE	Cleveland Cavaliers
1976	DET	DET	Detroit Pistons
1976	GSW	GSW	Golden State Warriors
1976	HOU	HOU	Houston Rockets
1976	KCK	SAC	Kansas City Kings
1976	LAL	LAL	Los Angeles Lakers
1976	MIL	MIL	Milwaukee Bucks
1976	NOJ	UTA	New Orleans Jazz
1976	NYK	NYK	New York Knicks
1976	PHI	PHI	Philadelphia 76ers
1976	PHO	PHO	Phoenix Suns
1976	POR	POR	Portland Trail Blazers
1976	SEA	OKC	Seattle SuperSonics
1976	WSB	WAS	Washington Bullets
1977	ATL	ATL	Atlanta Hawks
1977	BOS	BOS	Boston Celtics
1977	BUF	LAC	Buffalo Braves
1977	CHI	CHI	Chicago Bulls
1977	CLE	CLE	Cleveland Cavaliers
1977	DEN	DEN	Denver Nuggets
1977	DET	DET	Detroit Pistons
1977	GSW	GSW	Golden State Warriors
1977	HOU	HOU	Houston Rockets
1977	IND	IND	Indiana Pacers
1977	KCK	SAC	Kansas City Kings
1977	LAL	LAL	Los Angeles Lakers
1977	MIL	MIL	Milwaukee Bucks
1977	NOJ	UTA	New Orleans Jazz
1977	NYK	NYK	New York Knicks
1977	NYN	NJN	New York Nets
1977	PHI	PHI	Philadelphia 76ers
1977	PHO	PHO	Phoenix Suns
1977	POR	POR	Portland Trail Blazers
1977	SAS	SAS	San Antonio Spurs
1977	SEA	OKC	Seattle SuperSonics
1977	WSB	WAS	Washington Bullets
1978	ATL	ATL	Atlanta Hawks
1978	BOS	BOS	Boston Celtics
1978	BUF	LAC	Buffalo Braves
1978	CHI	CHI	Chicago Bulls
1978	CLE	CLE	Cleveland Cavaliers
1978	DEN	DEN	Denver Nuggets
1978	DET	DET	Detroit Pistons
1978	GSW	GSW	Golden State Warriors
1978	HOU	HOU	Houston Rockets
1978	IND	IND	Indiana Pacers
1978	KCK	SAC	Kansas City Kings
1978	LAL	LAL	Los Angeles Lakers
1978	MIL	MIL	Milwaukee Bucks
1978	NJN	NJN	New Jersey Nets
1978	NOJ	UTA	New Orleans Jazz
1978	NYK	NYK	New York Knicks
1978	PHI	PHI	Philadelphia 76ers
1978	PHO	PHO	Phoenix Suns
1978	POR	POR	Portland Trail Blazers
1978	SAS	SAS	San Antonio Spurs
1978	SEA	OKC	Seattle SuperSonics
1978	WSB	WAS	Washington Bullets
1979	ATL	ATL	Atlanta Hawks
1979	BOS	BOS	Boston Celtics
1979	CHI	CHI	Chicago Bulls
1979	CLE	CLE	Cleveland Cavaliers
1979	DEN	DEN	Denver Nuggets
1979	DET	DET	Detroit Pistons
1979	GSW	GSW	Golden State Warriors
1979	HOU	HOU	Houston Rockets
1979	IND	IND	Indiana Pacers
1979	KCK	SAC	Kansas City Kings
1979	LAL	LAL	Los Angeles Lakers
1979	MIL	MIL	Milwaukee Bucks
1979	NJN	NJN	New Jersey Nets
1979	NOJ	UTA	New Orleans Jazz
1979	NYK	NYK	New York Knicks
1979	PHI	PHI	Philadelphia 76ers
1979	PHO	PHO	Phoenix Suns
1979	POR	POR	Portland Trail Blazers
1979	SAS	SAS	San Antonio Spurs
1979	SDC	LAC	San Diego Clippers
1979	SEA	OKC	Seattle SuperSonics
1979	WSB	WAS	Washington Bullets
1980	ATL	ATL	Atlanta Hawks
1980	BOS	BOS	Boston Celtics
1980	CHI	CHI	Chicago Bulls
1980	CLE	CLE	Cleveland Cavaliers
1980	DEN	DEN	Denver Nuggets
1980	DET	DET	Detroit Pistons
1980	GSW	GSW	Golden State Warriors
1980	HOU	HOU	Houston Rockets
1980	IND	IND	Indiana Pacers
1980	KCK	SAC	Kansas City Kings
1980	LAL	LAL	Los Angeles Lakers
1980	MIL	MIL	Milwaukee Bucks
1980	NJN	NJN	New Jersey Nets
1980	NYK	NYK	New York Knicks
1980	PHI	PHI	Philadelphia 76ers
1980	PHO	PHO	Phoenix Suns
1980	POR	POR	Portland Trail Blazers
1980	SAS	SAS	San Antonio Spurs
1980	SDC	LAC	San Diego Clippers
1980	SEA	OKC	Seattle SuperSonics
1980	UTA	UTA	Utah Jazz
1980	WSB	WAS	Washington Bullets
1981	ATL	ATL	Atlanta Hawks
1981	BOS	BOS	Boston Celtics
1981	CHI	CHI	Chicago Bulls
1981	CLE	CLE	Cleveland Cavaliers
1981	DAL	DAL	Dallas Mavericks
1981	DEN	DEN	Denver Nuggets
1981	DET	DET	Detroit Pistons
1981	GSW	GSW	Golden State Warriors
1981	HOU	HOU	Houston Rockets
1981	IND	IND	Indiana Pacers
1981	KCK	SAC	Kansas City Kings
1981	LAL	LAL	Los Angeles Lakers
1981	MIL	MIL	Milwaukee Bucks
1981	NJN	NJN	New Jersey Nets
1981	NYK	NYK	New York Knicks
1981	PHI	PHI	Philadelphia 76ers
1981	PHO	PHO	Phoenix Suns
1981	POR	POR	Portland Trail Blazers
1981	SAS	SAS	San Antonio Spurs
1981	SDC	LAC	San Diego Clippers
1981	SEA	OKC	Seattle SuperSonics
1981	UTA	UTA	Utah Jazz
1981	WSB	WAS	Washington Bullets
1982	ATL	ATL	Atlanta Hawks
1982	BOS	BOS	Boston Celtics
1982	CHI	CHI	Chicago Bulls
1982	CLE	CLE	Cleveland Cavaliers
1982	DAL	DAL	Dallas Mavericks
1982	DEN	DEN	Denver Nuggets
1982	DET	DET	Detroit Pistons
1982	GSW	GSW	Golden State Warriors
1982	HOU	HOU	Houston Rockets
1982	IND	IND	Indiana Pacers
1982	KCK	SAC	Kansas City Kings
1982	LAL	LAL	Los Angeles Lakers
1982	MIL	MIL	Milwaukee Bucks
1982	NJN	NJN	New Jersey Nets
1982	NYK	NYK	New York Knicks
1982	PHI	PHI	Philadelphia 76ers
1982	PHO	PHO	Phoenix Suns
1982	POR	POR	Portland Trail Blazers
1982	SAS	SAS	San Antonio Spurs
1982	SDC	LAC	San Diego Clippers
1982	SEA	OKC	Seattle SuperSonics
1982	UTA	UTA	Utah Jazz
1982	WSB	WAS	Washington Bullets
1983	ATL	ATL	Atlanta Hawks
1983	BOS	BOS	Boston Celtics
1983	CHI	CHI	Chicago Bulls
1983	CLE	CLE	Cleveland Cavaliers
1983	DAL	DAL	Dallas Mavericks
1983	DEN	DEN	Denver Nuggets
1983	DET	DET	Detroit Pistons
1983	GSW	GSW	Golden State Warriors
1983	HOU	HOU	Houston Rockets
1983	IND	IND	Indiana Pacers
1983	KCK	SAC	Kansas City Kings
1983	LAL	LAL	Los Angeles Lakers
1983	MIL	MIL	Milwaukee Bucks
1983	NJN	NJN	New Jersey Nets
1983	NYK	NYK	New York Knicks
1983	PHI	PHI	Philadelphia 76ers
1983	PHO	PHO	Phoenix Suns
1983	POR	POR	Portland Trail Blazers
1983	SAS	SAS	San Antonio Spurs
1983	SDC	LAC	San Diego Clippers
1983	SEA	OKC	Seattle SuperSonics
1983	UTA	UTA	Utah Jazz
1983	WSB	WAS	Washington Bullets
1984	ATL	ATL	Atlanta Hawks
1984	BOS	BOS	Boston Celtics
1984	CHI	CHI	Chicago Bulls
1984	CLE	CLE	Cleveland Cavaliers
1984	DAL	DAL	Dallas Mavericks
1984	DEN	DEN	Denver Nuggets
1984	DET	DET	Detroit Pistons
1984	GSW	GSW	Golden State Warriors
1984	HOU	HOU	Houston Rockets
1984	IND	IND	Indiana Pacers
1984	KCK	SAC	Kansas City Kings
1984	LAL	LAL	Los Angeles Lakers
1984	MIL	MIL	Milwaukee Bucks
1984	NJN	NJN	New Jersey Nets
1984	NYK	NYK	New York Knicks
1984	PHI	PHI	Philadelphia 76ers
1984	PHO	PHO	Phoenix Suns
1984	POR	POR	Portland Trail Blazers
1984	SAS	SAS	San Antonio Spurs
1984	SDC	LAC	San Diego Clippers
1984	SEA	OKC	Seattle SuperSonics
1984	UTA	UTA	Utah Jazz
1984	WSB	WAS	Washington Bullets
1985	ATL	ATL	Atlanta Hawks
1985	BOS	BOS	Boston Celtics
1985	CHI	CHI	Chicago Bulls
1985	CLE	CLE	Cleveland Cavaliers
1985	DAL	DAL	Dallas Mavericks
1985	DEN	DEN	Denver Nuggets
1985	DET	DET	Detroit Pistons
1985	GSW	GSW	Golden State Warriors
1985	HOU	HOU	Houston Rockets
1985	IND	IND	Indiana Pacers
1985	KCK	SAC	Kansas City Kings
1985	LAC	LAC	Los Angeles Clippers
1985	LAL	LAL	Los Angeles Lakers
1985	MIL	MIL	Milwaukee Bucks
1985	NJN	NJN	New Jersey Nets
1985	NYK	NYK	New York Knicks
1985	PHI	PHI	Philadelphia 76ers
1985	PHO	PHO	Phoenix Suns
1985	POR	POR	Portland Trail Blazers
1985	SAS	SAS	San Antonio Spurs
1985	SEA	OKC	Seattle SuperSonics
1985	UTA	UTA	Utah Jazz
1985	WSB	WAS	Washington Bullets
1986	ATL	ATL	Atlanta Hawks
1986	BOS	BOS	Boston Celtics
1986	CHI	CHI	Chicago Bulls
1986	CLE	CLE	Cleveland Cavaliers
1986	DAL	DAL	Dallas Mavericks
1986	DEN	DEN	Denver Nuggets
1986	DET	DET	Detroit Pistons
1986	GSW	GSW	Golden State Warriors
1986	HOU	HOU	Houston Rockets
1986	IND	IND	Indiana Pacers
1986	LAC	LAC	Los Angeles Clippers
1986	LAL	LAL	Los Angeles Lakers
1986	MIL	MIL	Milwaukee Bucks
1986	NJN	NJN	New Jersey Nets
1986	NYK	NYK	New York Knicks
1986	PHI	PHI	Philadelphia 76ers
1986	PHO	PHO	Phoenix Suns
1986	POR	POR	Portland Trail Blazers
1986	SAC	SAC	Sacramento Kings
1986	SAS	SAS	San Antonio Spurs
1986	SEA	OKC	Seattle SuperSonics
1986	UTA	UTA	Utah Jazz
1986	WSB	WAS	Washington Bullets
1987	ATL	ATL	Atlanta Hawks
1987	BOS	BOS	Boston Celtics
1987	CHI	CHI	Chicago Bulls
1987	CLE	CLE	Cleveland Cavaliers
1987	DAL	DAL	Dallas Mavericks
1987	DEN	DEN	Denver Nuggets
1987	DET	DET	Detroit Pistons
1987	GSW	GSW	Golden State Warriors
1987	HOU	HOU	Houston Rockets
1987	IND	IND	Indiana Pacers
1987	LAC	LAC	Los Angeles Clippers
1987	LAL	LAL	Los Angeles Lakers
1987	MIL	MIL	Milwaukee Bucks
1987	NJN	NJN	New Jersey Nets
1987	NYK	NYK	New York Knicks
1987	PHI	PHI	Philadelphia 76ers
1987	PHO	PHO	Phoenix Suns
1987	POR	POR	Portland Trail Blazers
1987	SAC	SAC	Sacramento Kings
1987	SAS	SAS	San Antonio Spurs
1987	SEA	OKC	Seattle SuperSonics
1987	UTA	UTA	Utah Jazz
1987	WSB	WAS	Washington Bullets
1988	ATL	ATL	Atlanta Hawks
1988	BOS	BOS	Boston Celtics
1988	CHI	CHI	Chicago Bulls
1988	CLE	CLE	Cleveland Cavaliers
1988	DAL	DAL	Dallas Mavericks
1988	DEN	DEN	Denver Nuggets
1988	DET	DET	Detroit Pistons
1988	GSW	GSW	Golden State Warriors
1988	HOU	HOU	Houston Rockets
1988	IND	IND	Indiana Pacers
1988	LAC	LAC	Los Angeles Clippers
1988	LAL	LAL	Los Angeles Lakers
1988	MIL	MIL	Milwaukee Bucks
1988	NJN	NJN	New Jersey Nets
1988	NYK	NYK	New York Knicks
1988	PHI	PHI	Philadelphia 76ers
1988	PHO	PHO	Phoenix Suns
1988	POR	POR	Portland Trail Blazers
1988	SAC	SAC	Sacramento Kings
1988	SAS	SAS	San Antonio Spurs
1988	SEA	OKC	Seattle SuperSonics
1988	UTA	UTA	Utah Jazz
1988	WSB	WAS	Washington Bullets
1989	ATL	ATL	Atlanta Hawks
1989	BOS	BOS	Boston Celtics
1989	CHH	CHA	Charlotte Hornets
1989	CHI	CHI	Chicago Bulls
1989	CLE	CLE	Cleveland Cavaliers
1989	DAL	DAL	Dallas Mavericks
1989	DEN	DEN	Denver Nuggets
1989	DET	DET	Detroit Pistons
1989	GSW	GSW	Golden State Warriors
1989	HOU	HOU	Houston Rockets
1989	IND	IND	Indiana Pacers
1989	LAC	LAC	Los Angeles Clippers
1989	LAL	LAL	Los Angeles Lakers
1989	MIA	MIA	Miami Heat
1989	MIL	MIL	Milwaukee Bucks
1989	NJN	NJN	New Jersey Nets
1989	NYK	NYK	New York Knicks
1989	PHI	PHI	Philadelphia 76ers
1989	PHO	PHO	Phoenix Suns
1989	POR	POR	Portland Trail Blazers
1989	SAC	SAC	Sacramento Kings
1989	SAS	SAS	San Antonio Spurs
1989	SEA	OKC	Seattle SuperSonics
1989	UTA	UTA	Utah Jazz
1989	WSB	WAS	Washington Bullets
1990	ATL	ATL	Atlanta Hawks
1990	BOS	BOS	Boston Celtics
1990	CHH	CHA	Charlotte Hornets
1990	CHI	CHI	Chicago Bulls
1990	CLE	CLE	Cleveland Cavaliers
1990	DAL	DAL	Dallas Mavericks
1990	DEN	DEN	Denver Nuggets
1990	DET	DET	Detroit Pistons
1990	GSW	GSW	Golden State Warriors
1990	HOU	HOU	Houston Rockets
1990	IND	IND	Indiana Pacers
1990	LAC	LAC	Los Angeles Clippers
1990	LAL	LAL	Los Angeles Lakers
1990	MIA	MIA	Miami Heat
1990	MIL	MIL	Milwaukee Bucks
1990	MIN	MIN	Minnesota Timberwolves
1990	NJN	NJN	New Jersey Nets
1990	NYK	NYK	New York Knicks
1990	ORL	ORL	Orlando Magic
1990	PHI	PHI	Philadelphia 76ers
1990	PHO	PHO	Phoenix Suns
1990	POR	POR	Portland Trail Blazers
1990	SAC	SAC	Sacramento Kings
1990	SAS	SAS	San Antonio Spurs
1990	SEA	OKC	Seattle SuperSonics
1990	UTA	UTA	Utah Jazz
1990	WSB	WAS	Washington Bullets
1991	ATL	ATL	Atlanta Hawks
1991	BOS	BOS	Boston Celtics
1991	CHH	CHA	Charlotte Hornets
1991	CHI	CHI	Chicago Bulls
1991	CLE	CLE	Cleveland Cavaliers
1991	DAL	DAL	Dallas Mavericks
1991	DEN	DEN	Denver Nuggets
1991	DET	DET	Detroit Pistons
1991	GSW	GSW	Golden State Warriors
1991	HOU	HOU	Houston Rockets
1991	IND	IND	Indiana Pacers
1991	LAC	LAC	Los Angeles Clippers
1991	LAL	LAL	Los Angeles Lakers
1991	MIA	MIA	Miami Heat
1991	MIL	MIL	Milwaukee Bucks
1991	MIN	MIN	Minnesota Timberwolves
1991	NJN	NJN	New Jersey Nets
1991	NYK	NYK	New York Knicks
1991	ORL	ORL	Orlando Magic
1991	PHI	PHI	Philadelphia 76ers
1991	PHO	PHO	Phoenix Suns
1991	POR	POR	Portland Trail Blazers
1991	SAC	SAC	Sacramento Kings
1991	SAS	SAS	San Antonio Spurs
1991	SEA	OKC	Seattle SuperSonics
1991	UTA	UTA	Utah Jazz
1991	WSB	WAS	Washington Bullets
1992	ATL	ATL	Atlanta Hawks
1992	BOS	BOS	Boston Celtics
1992	CHH	CHA	Charlotte Hornets
1992	CHI	CHI	Chicago Bulls
1992	CLE	CLE	Cleveland Cavaliers
1992	DAL	DAL	Dallas Mavericks
1992	DEN	DEN	Denver Nuggets
1992	DET	DET	Detroit Pistons
1992	GSW	GSW	Golden State Warriors
1992	HOU	HOU	Houston Rockets
1992	IND	IND	Indiana Pacers
1992	LAC	LAC	Los Angeles Clippers
1992	LAL	LAL	Los Angeles Lakers
1992	MIA	MIA	Miami Heat
1992	MIL	MIL	Milwaukee Bucks
1992	MIN	MIN	Minnesota Timberwolves
1992	NJN	NJN	New Jersey Nets
1992	NYK	NYK	New York Knicks
1992	ORL	ORL	Orlando Magic
1992	PHI	PHI	Philadelphia 76ers
1992	PHO	PHO	Phoenix Suns
1992	POR	POR	Portland Trail Blazers
1992	SAC	SAC	Sacramento Kings
1992	SAS	SAS	San Antonio Spurs
1992	SEA	OKC	Seattle SuperSonics
1992	UTA	UTA	Utah Jazz
1992	WSB	WAS	Washington Bullets
1993	ATL	ATL	Atlanta Hawks
1993	BOS	BOS	Boston Celtics
1993	CHH	CHA	Charlotte Hornets
1993	CHI	CHI	Chicago Bulls
1993	CLE	CLE	Cleveland Cavaliers
1993	DAL	DAL	Dallas Mavericks
1993	DEN	DEN	Denver Nuggets
1993	DET	DET	Detroit Pistons
1993	GSW	GSW	Golden State Warriors
1993	HOU	HOU	Houston Rockets
1993	IND	IND	Indiana Pacers
1993	LAC	LAC	Los Angeles Clippers
1993	LAL	LAL	Los Angeles Lakers
1993	MIA	MIA	Miami Heat
1993	MIL	MIL	Milwaukee Bucks
1993	MIN	MIN	Minnesota Timberwolves
1993	NJN	NJN	New Jersey Nets
1993	NYK	NYK	New York Knicks
1993	ORL	ORL	Orlando Magic
1993	PHI	PHI	Philadelphia 76ers
1993	PHO	PHO	Phoenix Suns
1993	POR	POR	Portland Trail Blazers
1993	SAC	SAC	Sacramento Kings
1993	SAS	SAS	San Antonio Spurs
1993	SEA	OKC	Seattle SuperSonics
1993	UTA	UTA	Utah Jazz
1993	WSB	WAS	Washington Bullets
1994	ATL	ATL	Atlanta Hawks
1994	BOS	BOS	Boston Celtics
1994	CHH	CHA	Charlotte Hornets
1994	CHI	CHI	Chicago Bulls
1994	CLE	CLE	Cleveland Cavaliers
1994	DAL	DAL	Dallas Mavericks
1994	DEN	DEN	Denver Nuggets
1994	DET	DET	Detroit Pistons
1994	GSW	GSW	Golden State Warriors
1994	HOU	HOU	Houston Rockets
1994	IND	IND	Indiana Pacers
1994	LAC	LAC	Los Angeles Clippers
1994	LAL	LAL	Los Angeles Lakers
1994	MIA	MIA	Miami Heat
1994	MIL	MIL	Milwaukee Bucks
1994	MIN	MIN	Minnesota Timberwolves
1994	NJN	NJN	New Jersey Nets
1994	NYK	NYK	New York Knicks
1994	ORL	ORL	Orlando Magic
1994	PHI	PHI	Philadelphia 76ers
1994	PHO	PHO	Phoenix Suns
1994	POR	POR	Portland Trail Blazers
1994	SAC	SAC	Sacramento Kings
1994	SAS	SAS	San Antonio Spurs
1994	SEA	OKC	Seattle SuperSonics
1994	UTA	UTA	Utah Jazz
1994	WSB	WAS	Washington Bullets
1995	ATL	ATL	Atlanta Hawks
1995	BOS	BOS	Boston Celtics
1995	CHH	CHA	Charlotte Hornets
1995	CHI	CHI	Chicago Bulls
1995	CLE	CLE	Cleveland Cavaliers
1995	DAL	DAL	Dallas Mavericks
1995	DEN	DEN	Denver Nuggets
1995	DET	DET	Detroit Pistons
1995	GSW	GSW	Golden State Warriors
1995	HOU	HOU	Houston Rockets
1995	IND	IND	Indiana Pacers
1995	LAC	LAC	Los Angeles Clippers
1995	LAL	LAL	Los Angeles Lakers
1995	MIA	MIA	Miami Heat
1995	MIL	MIL	Milwaukee Bucks
1995	MIN	MIN	Minnesota Timberwolves
1995	NJN	NJN	New Jersey Nets
1995	NYK	NYK	New York Knicks
1995	ORL	ORL	Orlando Magic
1995	PHI	PHI	Philadelphia 76ers
1995	PHO	PHO	Phoenix Suns
1995	POR	POR	Portland Trail Blazers
1995	SAC	SAC	Sacramento Kings
1995	SAS	SAS	San Antonio Spurs
1995	SEA	OKC	Seattle SuperSonics
1995	UTA	UTA	Utah Jazz
1995	WSB	WAS	Washington Bullets
1996	ATL	ATL	Atlanta Hawks
1996	BOS	BOS	Boston Celtics
1996	CHH	CHA	Charlotte Hornets
1996	CHI	CHI	Chicago Bulls
1996	CLE	CLE	Cleveland Cavaliers
1996	DAL	DAL	Dallas Mavericks
1996	DEN	DEN	Denver Nuggets
1996	DET	DET	Detroit Pistons
1996	GSW	GSW	Golden State Warriors
1996	HOU	HOU	Houston Rockets
1996	IND	IND	Indiana Pacers
1996	LAC	LAC	Los Angeles Clippers
1996	LAL	LAL	Los Angeles Lakers
1996	MIA	MIA	Miami Heat
1996	MIL	MIL	Milwaukee Bucks
1996	MIN	MIN	Minnesota Timberwolves
1996	NJN	NJN	New Jersey Nets
1996	NYK	NYK	New York Knicks
1996	ORL	ORL	Orlando Magic
1996	PHI	PHI	Philadelphia 76ers
1996	PHO	PHO	Phoenix Suns
1996	POR	POR	Portland Trail Blazers
1996	SAC	SAC	Sacramento Kings
1996	SAS	SAS	San Antonio Spurs
1996	SEA	OKC	Seattle SuperSonics
1996	TOR	TOR	Toronto Raptors
1996	UTA	UTA	Utah Jazz
1996	VAN	MEM	Vancouver Grizzlies
1996	WSB	WAS	Washington Bullets
1997	ATL	ATL	Atlanta Hawks
1997	BOS	BOS	Boston Celtics
1997	CHH	CHA	Charlotte Hornets
1997	CHI	CHI	Chicago Bulls
1997	CLE	CLE	Cleveland Cavaliers
1997	DAL	DAL	Dallas Mavericks
1997	DEN	DEN	Denver Nuggets
1997	DET	DET	Detroit Pistons
1997	GSW	GSW	Golden State Warriors
1997	HOU	HOU	Houston Rockets
1997	IND	IND	Indiana Pacers
1997	LAC	LAC	Los Angeles Clippers
1997	LAL	LAL	Los Angeles Lakers
1997	MIA	MIA	Miami Heat
1997	MIL	MIL	Milwaukee Bucks
1997	MIN	MIN	Minnesota Timberwolves
1997	NJN	NJN	New Jersey Nets
1997	NYK	NYK	New York Knicks
1997	ORL	ORL	Orlando Magic
1997	PHI	PHI	Philadelphia 76ers
1997	PHO	PHO	Phoenix Suns
1997	POR	POR	Portland Trail Blazers
1997	SAC	SAC	Sacramento Kings
1997	SAS	SAS	San Antonio Spurs
1997	SEA	OKC	Seattle SuperSonics
1997	TOR	TOR	Toronto Raptors
1997	UTA	UTA	Utah Jazz
1997	VAN	MEM	Vancouver Grizzlies
1997	WSB	WAS	Washington Bullets
1998	ATL	ATL	Atlanta Hawks
1998	BOS	BOS	Boston Celtics
1998	CHH	CHA	Charlotte Hornets
1998	CHI	CHI	Chicago Bulls
1998	CLE	CLE	Cleveland Cavaliers
1998	DAL	DAL	Dallas Mavericks
1998	DEN	DEN	Denver Nuggets
1998	DET	DET	Detroit Pistons
1998	GSW	GSW	Golden State Warriors
1998	HOU	HOU	Houston Rockets
1998	IND	IND	Indiana Pacers
1998	LAC	LAC	Los Angeles Clippers
1998	LAL	LAL	Los Angeles Lakers
1998	MIA	MIA	Miami Heat
1998	MIL	MIL	Milwaukee Bucks
1998	MIN	MIN	Minnesota Timberwolves
1998	NJN	NJN	New Jersey Nets
1998	NYK	NYK	New York Knicks
1998	ORL	ORL	Orlando Magic
1998	PHI	PHI	Philadelphia 76ers
1998	PHO	PHO	Phoenix Suns
1998	POR	POR	Portland Trail Blazers
1998	SAC	SAC	Sacramento Kings
1998	SAS	SAS	San Antonio Spurs
1998	SEA	OKC	Seattle SuperSonics
1998	TOR	TOR	Toronto Raptors
1998	UTA	UTA	Utah Jazz
1998	VAN	MEM	Vancouver Grizzlies
1998	WAS	WAS	Washington Wizards
1999	ATL	ATL	Atlanta Hawks
1999	BOS	BOS	Boston Celtics
1999	CHH	CHA	Charlotte Hornets
1999	CHI	CHI	Chicago Bulls
1999	CLE	CLE	Cleveland Cavaliers
1999	DAL	DAL	Dallas Mavericks
1999	DEN	DEN	Denver Nuggets
1999	DET	DET	Detroit Pistons
1999	GSW	GSW	Golden State Warriors
1999	HOU	HOU	Houston Rockets
1999	IND	IND	Indiana Pacers
1999	LAC	LAC	Los Angeles Clippers
1999	LAL	LAL	Los Angeles Lakers
1999	MIA	MIA	Miami Heat
1999	MIL	MIL	Milwaukee Bucks
1999	MIN	MIN	Minnesota Timberwolves
1999	NJN	NJN	New Jersey Nets
1999	NYK	NYK	New York Knicks
1999	ORL	ORL	Orlando Magic
1999	PHI	PHI	Philadelphia 76ers
1999	PHO	PHO	Phoenix Suns
1999	POR	POR	Portland Trail Blazers
1999	SAC	SAC	Sacramento Kings
1999	SAS	SAS	San Antonio Spurs
1999	SEA	OKC	Seattle SuperSonics
1999	TOR	TOR	Toronto Raptors
1999	UTA	UTA	Utah Jazz
1999	VAN	MEM	Vancouver Grizzlies
1999	WAS	WAS	Washington Wizards
2000	ATL	ATL	Atlanta Hawks
2000	BOS	BOS	Boston Celtics
2000	CHH	CHA	Charlotte Hornets
2000	CHI	CHI	Chicago Bulls
2000	CLE	CLE	Cleveland Cavaliers
2000	DAL	DAL	Dallas Mavericks
2000	DEN	DEN	Denver Nuggets
2000	DET	DET	Detroit Pistons
2000	GSW	GSW	Golden State Warriors
2000	HOU	HOU	Houston Rockets
2000	IND	IND	Indiana Pacers
2000	LAC	LAC	Los Angeles Clippers
2000	LAL	LAL	Los Angeles Lakers
2000	MIA	MIA	Miami Heat
2000	MIL	MIL	Milwaukee Bucks
2000	MIN	MIN	Minnesota Timberwolves
2000	NJN	NJN	New Jersey Nets
2000	NYK	NYK	New York Knicks
2000	ORL	ORL	Orlando Magic
2000	PHI	PHI	Philadelphia 76ers
2000	PHO	PHO	Phoenix Suns
2000	POR	POR	Portland Trail Blazers
2000	SAC	SAC	Sacramento Kings
2000	SAS	SAS	San Antonio Spurs
2000	SEA	OKC	Seattle SuperSonics
2000	TOR	TOR	Toronto Raptors
2000	UTA	UTA	Utah Jazz
2000	VAN	MEM	Vancouver Grizzlies
2000	WAS	WAS	Washington Wizards
2001	ATL	ATL	Atlanta Hawks
2001	BOS	BOS	Boston Celtics
2001	CHH	CHA	Charlotte Hornets
2001	CHI	CHI	Chicago Bulls
2001	CLE	CLE	Cleveland Cavaliers
2001	DAL	DAL	Dallas Mavericks
2001	DEN	DEN	Denver Nuggets
2001	DET	DET	Detroit Pistons
2001	GSW	GSW	Golden State Warriors
2001	HOU	HOU	Houston Rockets
2001	IND	IND	Indiana Pacers
2001	LAC	LAC	Los Angeles Clippers
2001	LAL	LAL	Los Angeles Lakers
2001	MIA	MIA	Miami Heat
2001	MIL	MIL	Milwaukee Bucks
2001	MIN	MIN	Minnesota Timberwolves
2001	NJN	NJN	New Jersey Nets
2001	NYK	NYK	New York Knicks
2001	ORL	ORL	Orlando Magic
2001	PHI	PHI	Philadelphia 76ers
2001	PHO	PHO	Phoenix Suns
2001	POR	POR	Portland Trail Blazers
2001	SAC	SAC	Sacramento Kings
2001	SAS	SAS	San Antonio Spurs
2001	SEA	OKC	Seattle SuperSonics
2001	TOR	TOR	Toronto Raptors
2001	UTA	UTA	Utah Jazz
2001	VAN	MEM	Vancouver Grizzlies
2001	WAS	WAS	Washington Wizards
2002	ATL	ATL	Atlanta Hawks
2002	BOS	BOS	Boston Celtics
2002	CHH	CHA	Charlotte Hornets
2002	CHI	CHI	Chicago Bulls
2002	CLE	CLE	Cleveland Cavaliers
2002	DAL	DAL	Dallas Mavericks
2002	DEN	DEN	Denver Nuggets
2002	DET	DET	Detroit Pistons
2002	GSW	GSW	Golden State Warriors
2002	HOU	HOU	Houston Rockets
2002	IND	IND	Indiana Pacers
2002	LAC	LAC	Los Angeles Clippers
2002	LAL	LAL	Los Angeles Lakers
2002	MEM	MEM	Memphis Grizzlies
2002	MIA	MIA	Miami Heat
2002	MIL	MIL	Milwaukee Bucks
2002	MIN	MIN	Minnesota Timberwolves
2002	NJN	NJN	New Jersey Nets
2002	NYK	NYK	New York Knicks
2002	ORL	ORL	Orlando Magic
2002	PHI	PHI	Philadelphia 76ers
2002	PHO	PHO	Phoenix Suns
2002	POR	POR	Portland Trail Blazers
2002	SAC	SAC	Sacramento Kings
2002	SAS	SAS	San Antonio Spurs
2002	SEA	OKC	Seattle SuperSonics
2002	TOR	TOR	Toronto Raptors
2002	UTA	UTA	Utah Jazz
2002	WAS	WAS	Washington Wizards
2003	ATL	ATL	Atlanta Hawks
2003	BOS	BOS	Boston Celtics
2003	CHI	CHI	Chicago Bulls
2003	CLE	CLE	Cleveland Cavaliers
2003	DAL	DAL	Dallas Mavericks
2003	DEN	DEN	Denver Nuggets
2003	DET	DET	Detroit Pistons
2003	GSW	GSW	Golden State Warriors
2003	HOU	HOU	Houston Rockets
2003	IND	IND	Indiana Pacers
2003	LAC	LAC	Los Angeles Clippers
2003	LAL	LAL	Los Angeles Lakers
2003	MEM	MEM	Memphis Grizzlies
2003	MIA	MIA	Miami Heat
2003	MIL	MIL	Milwaukee Bucks
2003	MIN	MIN	Minnesota Timberwolves
2003	NJN	NJN	New Jersey Nets
2003	NOH	NOH	New Orleans Hornets
2003	NYK	NYK	New York Knicks
2003	ORL	ORL	Orlando Magic
2003	PHI	PHI	Philadelphia 76ers
2003	PHO	PHO	Phoenix Suns
2003	POR	POR	Portland Trail Blazers
2003	SAC	SAC	Sacramento Kings
2003	SAS	SAS	San Antonio Spurs
2003	SEA	OKC	Seattle SuperSonics
2003	TOR	TOR	Toronto Raptors
2003	UTA	UTA	Utah Jazz
2003	WAS	WAS	Washington Wizards
2004	ATL	ATL	Atlanta Hawks
2004	BOS	BOS	Boston Celtics
2004	CHI	CHI	Chicago Bulls
2004	CLE	CLE	Cleveland Cavaliers
2004	DAL	DAL	Dallas Mavericks
2004	DEN	DEN	Denver Nuggets
2004	DET	DET	Detroit Pistons
2004	GSW	GSW	Golden State Warriors
2004	HOU	HOU	Houston Rockets
2004	IND	IND	Indiana Pacers
2004	LAC	LAC	Los Angeles Clippers
2004	LAL	LAL	Los Angeles Lakers
2004	MEM	MEM	Memphis Grizzlies
2004	MIA	MIA	Miami Heat
2004	MIL	MIL	Milwaukee Bucks
2004	MIN	MIN	Minnesota Timberwolves
2004	NJN	NJN	New Jersey Nets
2004	NOH	NOH	New Orleans Hornets
2004	NYK	NYK	New York Knicks
2004	ORL	ORL	Orlando Magic
2004	PHI	PHI	Philadelphia 76ers
2004	PHO	PHO	Phoenix Suns
2004	POR	POR	Portland Trail Blazers
2004	SAC	SAC	Sacramento Kings
2004	SAS	SAS	San Antonio Spurs
2004	SEA	OKC	Seattle SuperSonics
2004	TOR	TOR	Toronto Raptors
2004	UTA	UTA	Utah Jazz
2004	WAS	WAS	Washington Wizards
2005	ATL	ATL	Atlanta Hawks
2005	BOS	BOS	Boston Celtics
2005	CHA	CHA	Charlotte Bobcats
2005	CHI	CHI	Chicago Bulls
2005	CLE	CLE	Cleveland Cavaliers
2005	DAL	DAL	Dallas Mavericks
2005	DEN	DEN	Denver Nuggets
2005	DET	DET	Detroit Pistons
2005	GSW	GSW	Golden State Warriors
2005	HOU	HOU	Houston Rockets
2005	IND	IND	Indiana Pacers
2005	LAC	LAC	Los Angeles Clippers
2005	LAL	LAL	Los Angeles Lakers
2005	MEM	MEM	Memphis Grizzlies
2005	MIA	MIA	Miami Heat
2005	MIL	MIL	Milwaukee Bucks
2005	MIN	MIN	Minnesota Timberwolves
2005	NJN	NJN	New Jersey Nets
2005	NOH	NOH	New Orleans Hornets
2005	NYK	NYK	New York Knicks
2005	ORL	ORL	Orlando Magic
2005	PHI	PHI	Philadelphia 76ers
2005	PHO	PHO	Phoenix Suns
2005	POR	POR	Portland Trail Blazers
2005	SAC	SAC	Sacramento Kings
2005	SAS	SAS	San Antonio Spurs
2005	SEA	OKC	Seattle SuperSonics
2005	TOR	TOR	Toronto Raptors
2005	UTA	UTA	Utah Jazz
2005	WAS	WAS	Washington Wizards
2006	ATL	ATL	Atlanta Hawks
2006	BOS	BOS	Boston Celtics
2006	CHA	CHA	Charlotte Bobcats
2006	CHI	CHI	Chicago Bulls
2006	CLE	CLE	Cleveland Cavaliers
2006	DAL	DAL	Dallas Mavericks
2006	DEN	DEN	Denver Nuggets
2006	DET	DET	Detroit Pistons
2006	GSW	GSW	Golden State Warriors
2006	HOU	HOU	Houston Rockets
2006	IND	IND	Indiana Pacers
2006	LAC	LAC	Los Angeles Clippers
2006	LAL	LAL	Los Angeles Lakers
2006	MEM	MEM	Memphis Grizzlies
2006	MIA	MIA	Miami Heat
2006	MIL	MIL	Milwaukee Bucks
2006	MIN	MIN	Minnesota Timberwolves
2006	NJN	NJN	New Jersey Nets
2006	NOK	NOH	New Orleans/Oklahoma City Hornets
2006	NYK	NYK	New York Knicks
2006	ORL	ORL	Orlando Magic
2006	PHI	PHI	Philadelphia 76ers
2006	PHO	PHO	Phoenix Suns
2006	POR	POR	Portland Trail Blazers
2006	SAC	SAC	Sacramento Kings
2006	SAS	SAS	San Antonio Spurs
2006	SEA	OKC	Seattle SuperSonics
2006	TOR	TOR	Toronto Raptors
2006	UTA	UTA	Utah Jazz
2006	WAS	WAS	Washington Wizards
2007	ATL	ATL	Atlanta Hawks
2007	BOS	BOS	Boston Celtics
2007	CHA	CHA	Charlotte Bobcats
2007	CHI	CHI	Chicago Bulls
2007	CLE	CLE	Cleveland Cavaliers
2007	DAL	DAL	Dallas Mavericks
2007	DEN	DEN	Denver Nuggets
2007	DET	DET	Detroit Pistons
2007	GSW	GSW	Golden State Warriors
2007	HOU	HOU	Houston Rockets
2007	IND	IND	Indiana Pacers
2007	LAC	LAC	Los Angeles Clippers
2007	LAL	LAL	Los Angeles Lakers
2007	MEM	MEM	Memphis Grizzlies
2007	MIA	MIA	Miami Heat
2007	MIL	MIL	Milwaukee Bucks
2007	MIN	MIN	Minnesota Timberwolves
2007	NJN	NJN	New Jersey Nets
2007	NOK	NOH	New Orleans/Oklahoma City Hornets
2007	NYK	NYK	New York Knicks
2007	ORL	ORL	Orlando Magic
2007	PHI	PHI	Philadelphia 76ers
2007	PHO	PHO	Phoenix Suns
2007	POR	POR	Portland Trail Blazers
2007	SAC	SAC	Sacramento Kings
2007	SAS	SAS	San Antonio Spurs
2007	SEA	OKC	Seattle SuperSonics
2007	TOR	TOR	Toronto Raptors
2007	UTA	UTA	Utah Jazz
2007	WAS	WAS	Washington Wizards
2008	ATL	ATL	Atlanta Hawks
2008	BOS	BOS	Boston Celtics
2008	CHA	CHA	Charlotte Bobcats
2008	CHI	CHI	Chicago Bulls
2008	CLE	CLE	Cleveland Cavaliers
2008	DAL	DAL	Dallas Mavericks
2008	DEN	DEN	Denver Nuggets
2008	DET	DET	Detroit Pistons
2008	GSW	GSW	Golden State Warriors
2008	HOU	HOU	Houston Rockets
2008	IND	IND	Indiana Pacers
2008	LAC	LAC	Los Angeles Clippers
2008	LAL	LAL	Los Angeles Lakers
2008	MEM	MEM	Memphis Grizzlies
2008	MIA	MIA	Miami Heat
2008	MIL	MIL	Milwaukee Bucks
2008	MIN	MIN	Minnesota Timberwolves
2008	NJN	NJN	New Jersey Nets
2008	NOH	NOH	New Orleans Hornets
2008	NYK	NYK	New York Knicks
2008	ORL	ORL	Orlando Magic
2008	PHI	PHI	Philadelphia 76ers
2008	PHO	PHO	Phoenix Suns
2008	POR	POR	Portland Trail Blazers
2008	SAC	SAC	Sacramento Kings
2008	SAS	SAS	San Antonio Spurs
2008	SEA	OKC	Seattle SuperSonics
2008	TOR	TOR	Toronto Raptors
2008	UTA	UTA	Utah Jazz
2008	WAS	WAS	Washington Wizards
2009	ATL	ATL	Atlanta Hawks
2009	BOS	BOS	Boston Celtics
2009	CHA	CHA	Charlotte Bobcats
2009	CHI	CHI	Chicago Bulls
2009	CLE	CLE	Cleveland Cavaliers
2009	DAL	DAL	Dallas Mavericks
2009	DEN	DEN	Denver Nuggets
2009	DET	DET	Detroit Pistons
2009	GSW	GSW	Golden State Warriors
2009	HOU	HOU	Houston Rockets
2009	IND	IND	Indiana Pacers
2009	LAC	LAC	Los Angeles Clippers
2009	LAL	LAL	Los Angeles Lakers
2009	MEM	MEM	Memphis Grizzlies
2009	MIA	MIA	Miami Heat
2009	MIL	MIL	Milwaukee Bucks
2009	MIN	MIN	Minnesota Timberwolves
2009	NJN	NJN	New Jersey Nets
2009	NOH	NOH	New Orleans Hornets
2009	NYK	NYK	New York Knicks
2009	OKC	OKC	Oklahoma City Thunder
2009	ORL	ORL	Orlando Magic
2009	PHI	PHI	Philadelphia 76ers
2009	PHO	PHO	Phoenix Suns
2009	POR	POR	Portland Trail Blazers
2009	SAC	SAC	Sacramento Kings
2009	SAS	SAS	San Antonio Spurs
2009	TOR	TOR	Toronto Raptors
2009	UTA	UTA	Utah Jazz
2009	WAS	WAS	Washington Wizards
2010	ATL	ATL	Atlanta Hawks
2010	BOS	BOS	Boston Celtics
2010	CHA	CHA	Charlotte Bobcats
2010	CHI	CHI	Chicago Bulls
2010	CLE	CLE	Cleveland Cavaliers
2010	DAL	DAL	Dallas Mavericks
2010	DEN	DEN	Denver Nuggets
2010	DET	DET	Detroit Pistons
2010	GSW	GSW	Golden State Warriors
2010	HOU	HOU	Houston Rockets
2010	IND	IND	Indiana Pacers
2010	LAC	LAC	Los Angeles Clippers
2010	LAL	LAL	Los Angeles Lakers
2010	MEM	MEM	Memphis Grizzlies
2010	MIA	MIA	Miami Heat
2010	MIL	MIL	Milwaukee Bucks
2010	MIN	MIN	Minnesota Timberwolves
2010	NJN	NJN	New Jersey Nets
2010	NOH	NOH	New Orleans Hornets
2010	NYK	NYK	New York Knicks
2010	OKC	OKC	Oklahoma City Thunder
2010	ORL	ORL	Orlando Magic
2010	PHI	PHI	Philadelphia 76ers
2010	PHO	PHO	Phoenix Suns
2010	POR	POR	Portland Trail Blazers
2010	SAC	SAC	Sacramento Kings
2010	SAS	SAS	San Antonio Spurs
2010	TOR	TOR	Toronto Raptors
2010	UTA	UTA	Utah Jazz
2010	WAS	WAS	Washington Wizards
2011	ATL	ATL	Atlanta Hawks
2011	BOS	BOS	Boston Celtics
2011	CHA	CHA	Charlotte Bobcats
2011	CHI	CHI	Chicago Bulls
2011	CLE	CLE	Cleveland Cavaliers
2011	DAL	DAL	Dallas Mavericks
2011	DEN	DEN	Denver Nuggets
2011	DET	DET	Detroit Pistons
2011	GSW	GSW	Golden State Warriors
2011	HOU	HOU	Houston Rockets
2011	IND	IND	Indiana Pacers
2011	LAC	LAC	Los Angeles Clippers
2011	LAL	LAL	Los Angeles Lakers
2011	MEM	MEM	Memphis Grizzlies
2011	MIA	MIA	Miami Heat
2011	MIL	MIL	Milwaukee Bucks
2011	MIN	MIN	Minnesota Timberwolves
2011	NJN	NJN	New Jersey Nets
2011	NOH	NOH	New Orleans Hornets
2011	NYK	NYK	New York Knicks
2011	OKC	OKC	Oklahoma City Thunder
2011	ORL	ORL	Orlando Magic
2011	PHI	PHI	Philadelphia 76ers
2011	PHO	PHO	Phoenix Suns
2011	POR	POR	Portland Trail Blazers
2011	SAC	SAC	Sacramento Kings
2011	SAS	SAS	San Antonio Spurs
2011	TOR	TOR	Toronto Raptors
2011	UTA	UTA	Utah Jazz
2011	WAS	WAS	Washington Wizards
2012	ATL	ATL	Atlanta Hawks
2012	BOS	BOS	Boston Celtics
2012	CHA	CHA	Charlotte Bobcats
2012	CHI	CHI	Chicago Bulls
2012	CLE	CLE	Cleveland Cavaliers
2012	DAL	DAL	Dallas Mavericks
2012	DEN	DEN	Denver Nuggets
2012	DET	DET	Detroit Pistons
2012	GSW	GSW	Golden State Warriors
2012	HOU	HOU	Houston Rockets
2012	IND	IND	Indiana Pacers
2012	LAC	LAC	Los Angeles Clippers
2012	LAL	LAL	Los Angeles Lakers
2012	MEM	MEM	Memphis Grizzlies
2012	MIA	MIA	Miami Heat
2012	MIL	MIL	Milwaukee Bucks
2012	MIN	MIN	Minnesota Timberwolves
2012	NJN	NJN	New Jersey Nets
2012	NOH	NOH	New Orleans Hornets
2012	NYK	NYK	New York Knicks
2012	OKC	OKC	Oklahoma City Thunder
2012	ORL	ORL	Orlando Magic
2012	PHI	PHI	Philadelphia 76ers
2012	PHO	PHO	Phoenix Suns
2012	POR	POR	Portland Trail Blazers
2012	SAC	SAC	Sacramento Kings
2012	SAS	SAS	San Antonio Spurs
2012	TOR	TOR	Toronto Raptors
2012	UTA	UTA	Utah Jazz
2012	WAS	WAS	Washington Wizards
2013	ATL	ATL	Atlanta Hawks
2013	BOS	BOS	Boston Celtics
2013	BRK	NJN	Brooklyn Nets
2013	CHA	CHA	Charlotte Bobcats
2013	CHI	CHI	Chicago Bulls
2013	CLE	CLE	Cleveland Cavaliers
2013	DAL	DAL	Dallas Mavericks
2013	DEN	DEN	Denver Nuggets
2013	DET	DET	Detroit Pistons
2013	GSW	GSW	Golden State Warriors
2013	HOU	HOU	Houston Rockets
2013	IND	IND	Indiana Pacers
2013	LAC	LAC	Los Angeles Clippers
2013	LAL	LAL	Los Angeles Lakers
2013	MEM	MEM	Memphis Grizzlies
2013	MIA	MIA	Miami Heat
2013	MIL	MIL	Milwaukee Bucks
2013	MIN	MIN	Minnesota Timberwolves
2013	NOH	NOH	New Orleans Hornets
2013	NYK	NYK	New York Knicks
2013	OKC	OKC	Oklahoma City Thunder
2013	ORL	ORL	Orlando Magic
2013	PHI	PHI	Philadelphia 76ers
2013	PHO	PHO	Phoenix Suns
2013	POR	POR	Portland Trail Blazers
2013	SAC	SAC	Sacramento Kings
2013	SAS	SAS	San Antonio Spurs
2013	TOR	TOR	Toronto Raptors
2013	UTA	UTA	Utah Jazz
2013	WAS	WAS	Washington Wizards
2014	ATL	ATL	Atlanta Hawks
2014	BOS	BOS	Boston Celtics
2014	BRK	NJN	Brooklyn Nets
2014	CHA	CHA	Charlotte Bobcats
2014	CHI	CHI	Chicago Bulls
2014	CLE	CLE	Cleveland Cavaliers
2014	DAL	DAL	Dallas Mavericks
2014	DEN	DEN	Denver Nuggets
2014	DET	DET	Detroit Pistons
2014	GSW	GSW	Golden State Warriors
2014	HOU	HOU	Houston Rockets
2014	IND	IND	Indiana Pacers
2014	LAC	LAC	Los Angeles Clippers
2014	LAL	LAL	Los Angeles Lakers
2014	MEM	MEM	Memphis Grizzlies
2014	MIA	MIA	Miami Heat
2014	MIL	MIL	Milwaukee Bucks
2014	MIN	MIN	Minnesota Timberwolves
2014	NOP	NOH	New Orleans Pelicans
2014	NYK	NYK	New York Knicks
2014	OKC	OKC	Oklahoma City Thunder
2014	ORL	ORL	Orlando Magic
2014	PHI	PHI	Philadelphia 76ers
2014	PHO	PHO	Phoenix Suns
2014	POR	POR	Portland Trail Blazers
2014	SAC	SAC	Sacramento Kings
2014	SAS	SAS	San Antonio Spurs
2014	TOR	TOR	Toronto Raptors
2014	UTA	UTA	Utah Jazz
2014	WAS	WAS	Washington Wizards
2015	ATL	ATL	Atlanta Hawks
2015	BOS	BOS	Boston Celtics
2015	BRK	NJN	Brooklyn Nets
2015	CHI	CHI	Chicago Bulls
2015	CHO	CHA	Charlotte Hornets
2015	CLE	CLE	Cleveland Cavaliers
2015	DAL	DAL	Dallas Mavericks
2015	DEN	DEN	Denver Nuggets
2015	DET	DET	Detroit Pistons
2015	GSW	GSW	Golden State Warriors
2015	HOU	HOU	Houston Rockets
2015	IND	IND	Indiana Pacers
2015	LAC	LAC	Los Angeles Clippers
2015	LAL	LAL	Los Angeles Lakers
2015	MEM	MEM	Memphis Grizzlies
2015	MIA	MIA	Miami Heat
2015	MIL	MIL	Milwaukee Bucks
2015	MIN	MIN	Minnesota Timberwolves
2015	NOP	NOH	New Orleans Pelicans
2015	NYK	NYK	New York Knicks
2015	OKC	OKC	Oklahoma City Thunder
2015	ORL	ORL	Orlando Magic
2015	PHI	PHI	Philadelphia 76ers
2015	PHO	PHO	Phoenix Suns
2015	POR	POR	Portland Trail Blazers
2015	SAC	SAC	Sacramento Kings
2015	SAS	SAS	San Antonio Spurs
2015	TOR	TOR	Toronto Raptors
2015	UTA	UTA	Utah Jazz
2015	WAS	WAS	Washington Wizards
2016	ATL	ATL	Atlanta Hawks
2016	BOS	BOS	Boston Celtics
2016	BRK	NJN	Brooklyn Nets
2016	CHI	CHI	Chicago Bulls
2016	CHO	CHA	Charlotte Hornets
2016	CLE	CLE	Cleveland Cavaliers
2016	DAL	DAL	Dallas Mavericks
2016	DEN	DEN	Denver Nuggets
2016	DET	DET	Detroit Pistons
2016	GSW	GSW	Golden State Warriors
2016	HOU	HOU	Houston Rockets
2016	IND	IND	Indiana Pacers
2016	LAC	LAC	Los Angeles Clippers
2016	LAL	LAL	Los Angeles Lakers
2016	MEM	MEM	Memphis Grizzlies
2016	MIA	MIA	Miami Heat
2016	MIL	MIL	Milwaukee Bucks
2016	MIN	MIN	Minnesota Timberwolves
2016	NOP	NOH	New Orleans Pelicans
2016	NYK	NYK	New York Knicks
2016	OKC	OKC	Oklahoma City Thunder
2016	ORL	ORL	Orlando Magic
2016	PHI	PHI	Philadelphia 76ers
2016	PHO	PHO	Phoenix Suns
2016	POR	POR	Portland Trail Blazers
2016	SAC	SAC	Sacramento Kings
2016	SAS	SAS	San Antonio Spurs
2016	TOR	TOR	Toronto Raptors
2016	UTA	UTA	Utah Jazz
2016	WAS	WAS	Washington Wizards
2017	ATL	ATL	Atlanta Hawks
2017	BOS	BOS	Boston Celtics
2017	BRK	NJN	Brooklyn Nets
2017	CHI	CHI	Chicago Bulls
2017	CHO	CHA	Charlotte Hornets
2017	CLE	CLE	Cleveland Cavaliers
2017	DAL	DAL	Dallas Mavericks
2017	DEN	DEN	Denver Nuggets
2017	DET	DET	Detroit Pistons
2017	GSW	GSW	Golden State Warriors
2017	HOU	HOU	Houston Rockets
2017	IND	IND	Indiana Pacers
2017	LAC	LAC	Los Angeles Clippers
2017	LAL	LAL	Los Angeles Lakers
2017	MEM	MEM	Memphis Grizzlies
2017	MIA	MIA	Miami Heat
2017	MIL	MIL	Milwaukee Bucks
2017	MIN	MIN	Minnesota Timberwolves
2017	NOP	NOH	New Orleans Pelicans
2017	NYK	NYK	New York Knicks
2017	OKC	OKC	Oklahoma City Thunder
2017	ORL	ORL	Orlando Magic
2017	PHI	PHI	Philadelphia 76ers
2017	PHO	PHO	Phoenix Suns
2017	POR	POR	Portland Trail Blazers
2017	SAC	SAC	Sacramento Kings
2017	SAS	SAS	San Antonio Spurs
2017	TOR	TOR	Toronto Raptors
2017	UTA	UTA	Utah Jazz
2017	WAS	WAS	Washington Wizards
2018	ATL	ATL	Atlanta Hawks
2018	BOS	BOS	Boston Celtics
2018	BRK	NJN	Brooklyn Nets
2018	CHI	CHI	Chicago Bulls
2018	CHO	CHA	Charlotte Hornets
2018	CLE	CLE	Cleveland Cavaliers
2018	DAL	DAL	Dallas Mavericks
2018	DEN	DEN	Denver Nuggets
2018	DET	DET	Detroit Pistons
2018	GSW	GSW	Golden State Warriors
2018	HOU	HOU	Houston Rockets
2018	IND	IND	Indiana Pacers
2018	LAC	LAC	Los Angeles Clippers
2018	LAL	LAL	Los Angeles Lakers
2018	MEM	MEM	Memphis Grizzlies
2018	MIA	MIA	Miami Heat
2018	MIL	MIL	Milwaukee Bucks
2018	MIN	MIN	Minnesota Timberwolves
2018	NOP	NOH	New Orleans Pelicans
2018	NYK	NYK	New York Knicks
2018	OKC	OKC	Oklahoma City Thunder
2018	ORL	ORL	Orlando Magic
2018	PHI	PHI	Philadelphia 76ers
2018	PHO	PHO	Phoenix Suns
2018	POR	POR	Portland Trail Blazers
2018	SAC	SAC	Sacramento Kings
2018	SAS	SAS	San Antonio Spurs
2018	TOR	TOR	Toronto Raptors
2018	UTA	UTA	Utah Jazz
2018	WAS	WAS	Washington Wizards
2019	ATL	ATL	Atlanta Hawks
2019	BOS	BOS	Boston Celtics
2019	BRK	NJN	Brooklyn Nets
2019	CHI	CHI	Chicago Bulls
2019	CHO	CHA	Charlotte Hornets
2019	CLE	CLE	Cleveland Cavaliers
2019	DAL	DAL	Dallas Mavericks
2019	DEN	DEN	Denver Nuggets
2019	DET	DET	Detroit Pistons
2019	GSW	GSW	Golden State Warriors
2019	HOU	HOU	Houston Rockets
2019	IND	IND	Indiana Pacers
2019	LAC	LAC	Los Angeles Clippers
2019	LAL	LAL	Los Angeles Lakers
2019	MEM	MEM	Memphis Grizzlies
2019	MIA	MIA	Miami Heat
2019	MIL	MIL	Milwaukee Bucks
2019	MIN	MIN	Minnesota Timberwolves
2019	NOP	NOH	New Orleans Pelicans
2019	NYK	NYK	New York Knicks
2019	OKC	OKC	Oklahoma City Thunder
2019	ORL	ORL	Orlando Magic
2019	PHI	PHI	Philadelphia 76ers
2019	PHO	PHO	Phoenix Suns
2019	POR	POR	Portland Trail Blazers
2019	SAC	SAC	Sacramento Kings
2019	SAS	SAS	San Antonio Spurs
2019	TOR	TOR	Toronto Raptors
2019	UTA	UTA	Utah Jazz
2019	WAS	WAS	Washington Wizards